-- phpMyAdmin SQL Dump
-- version 4.2.5
-- http://www.phpmyadmin.net
--
-- Host: localhost:8889
-- Generation Time: Oct 30, 2014 at 11:08 AM
-- Server version: 5.5.38
-- PHP Version: 5.5.14

SET SQL_MODE = "NO_AUTO_VALUE_ON_ZERO";
SET time_zone = "+00:00";

--
-- Database: `test`
--

-- --------------------------------------------------------

--
-- Table structure for table `account`
--

CREATE TABLE `account` (
`id` bigint(20) unsigned NOT NULL,
  `uid` varchar(100) DEFAULT NULL,
  `pwd` varchar(500) DEFAULT NULL,
  `fbid` varchar(100) DEFAULT NULL,
  `fbName` varchar(500) DEFAULT NULL,
  `create_date` timestamp NOT NULL DEFAULT CURRENT_TIMESTAMP ON UPDATE CURRENT_TIMESTAMP
) ENGINE=InnoDB  DEFAULT CHARSET=utf8 AUTO_INCREMENT=9 ;

--
-- Dumping data for table `account`
--

INSERT INTO `account` (`id`, `uid`, `pwd`, `fbid`, `fbName`, `create_date`) VALUES
(1, '0010010', '123123', '215342111969429', 'fb Name', '2014-10-27 03:22:02'),
(2, '001', '12123', '123123', 'user 2', '2014-10-27 02:23:14'),
(3, '001', '12123', '123123', 'user 3', '2014-10-27 02:23:14'),
(4, NULL, NULL, 'null', 'null', '2014-10-27 02:44:25'),
(5, NULL, NULL, 'null', 'null', '2014-10-27 02:44:46'),
(6, NULL, NULL, '123123', 'user 2', '2014-10-27 02:46:00'),
(7, NULL, NULL, '215342111969429', 'Rich David', '2014-10-27 03:20:59'),
(8, NULL, NULL, '305916336261199', 'Phu Quoc', '2014-10-29 08:37:05');

-- --------------------------------------------------------

--
-- Table structure for table `pattern`
--

CREATE TABLE `pattern` (
`id` bigint(20) unsigned NOT NULL,
  `title` varchar(200) DEFAULT NULL,
  `description` varchar(500) DEFAULT NULL,
  `accountid` int(11) DEFAULT NULL,
  `columnsize` int(11) DEFAULT NULL,
  `views` int(11) DEFAULT '0',
  `create_date` timestamp NOT NULL DEFAULT CURRENT_TIMESTAMP ON UPDATE CURRENT_TIMESTAMP,
  `update_date` timestamp NOT NULL DEFAULT '0000-00-00 00:00:00',
  `tag` varchar(500) DEFAULT NULL,
  `status` int(11) DEFAULT NULL
) ENGINE=InnoDB  DEFAULT CHARSET=utf8 AUTO_INCREMENT=49 ;

--
-- Dumping data for table `pattern`
--

INSERT INTO `pattern` (`id`, `title`, `description`, `accountid`, `columnsize`, `views`, `create_date`, `update_date`, `tag`, `status`) VALUES
(1, 'teste', 'test i=only', 1, 3, 52, '2014-10-30 09:05:37', '2014-10-28 06:59:35', 'học tiếng Nhật', -1),
(11, 'irregular verb', '', 1, 3, 9, '2014-10-30 08:06:43', '2014-10-23 04:40:12', NULL, NULL),
(12, 'lesson 12', '', 1, 3, 0, '2014-10-23 09:40:27', '2014-10-22 08:08:12', NULL, NULL),
(13, 'lesson 13', '', 1, 3, 1, '2014-10-30 08:56:53', '2014-10-22 08:08:12', NULL, NULL),
(14, 'lesson 14', '', 1, 3, 0, '2014-10-23 09:40:27', '2014-10-22 08:08:12', NULL, NULL),
(15, 'lesson 15', '', 1, 3, 0, '2014-10-23 09:40:27', '2014-10-22 08:08:12', NULL, NULL),
(16, 'lesson 16', '', 1, 3, 0, '2014-10-23 09:40:27', '2014-10-22 08:08:12', NULL, NULL),
(17, 'lesson 17', '', 1, 3, 0, '2014-10-23 09:40:27', '2014-10-22 08:08:12', NULL, NULL),
(18, 'lesson 18', '', 1, 3, 0, '2014-10-23 09:40:27', '2014-10-22 08:08:12', NULL, NULL),
(19, 'lesson 19', '', 1, 3, 0, '2014-10-23 09:40:27', '2014-10-22 08:08:12', NULL, NULL),
(20, 'lesson 20', '', 1, 3, 0, '2014-10-23 09:40:27', '2014-10-22 08:08:12', NULL, NULL),
(21, 'lesson 21', '', 2, 3, 0, '2014-10-23 09:40:27', '2014-10-22 08:08:12', NULL, NULL),
(22, 'lesson 22', '', 2, 3, 0, '2014-10-23 09:40:27', '2014-10-22 08:08:12', NULL, NULL),
(23, 'lesson 23', '', 2, 3, 0, '2014-10-23 09:40:27', '2014-10-22 08:08:12', NULL, NULL),
(24, 'lesson 24', '', 2, 3, 0, '2014-10-23 09:40:27', '2014-10-22 08:08:12', NULL, NULL),
(25, 'lesson 25', '', 2, 3, 0, '2014-10-23 09:40:27', '2014-10-22 08:08:12', NULL, NULL),
(26, 'dong tu bat quy tac tieng anh cap nhat [hieb', '', 3, 3, 0, '2014-10-24 01:47:55', '2014-10-24 01:47:55', NULL, NULL),
(27, 'lesson 27', '', 3, 5, 0, '2014-10-23 09:40:27', '2014-10-22 08:08:12', NULL, NULL),
(28, 'hand data', '', 3, 2, 0, '2014-10-23 09:30:05', '2014-10-22 08:08:12', NULL, NULL),
(29, 'lesson 29', '', 3, 2, 0, '2014-10-23 09:40:27', '2014-10-22 08:08:12', NULL, NULL),
(30, 'test thoi ma', '', 3, 2, 0, '2014-10-23 09:30:05', '2014-10-22 08:08:12', NULL, NULL),
(32, 'test 112', '', 3, 2, 0, '2014-10-23 09:30:05', '2014-10-22 08:16:24', NULL, NULL),
(33, 'column 11', 'null', 1, 2, 0, '2014-10-28 08:35:41', '2014-10-28 08:35:41', NULL, NULL),
(34, 'japanese alphabet', 'null', 1, 3, 3, '2014-10-30 07:47:26', '2014-10-29 02:06:45', NULL, NULL),
(35, 'column 11', 'null', 1, 3, 0, '2014-10-29 06:59:07', '2014-10-29 06:59:07', NULL, NULL),
(36, 'column 11', 'null', 1, 3, 0, '2014-10-29 10:33:46', '2014-10-29 10:33:46', NULL, NULL),
(37, 'column 11', 'null', 1, 3, 0, '2014-10-29 10:36:18', '2014-10-29 10:36:18', NULL, NULL),
(38, 'column 11', 'null', 1, 3, 0, '2014-10-29 10:37:31', '2014-10-29 10:37:31', NULL, NULL),
(39, 'column 11', 'null', 1, 3, 0, '2014-10-29 10:38:48', '2014-10-29 10:38:48', NULL, NULL),
(40, 'column 11', 'null', 1, 3, 0, '2014-10-29 10:45:39', '2014-10-29 10:45:39', NULL, NULL),
(41, 'column 11', 'null', 1, 3, 0, '2014-10-29 10:46:37', '2014-10-29 10:46:37', NULL, NULL),
(42, 'column 11', 'null', 1, 3, 0, '2014-10-29 10:47:12', '2014-10-29 10:47:12', NULL, NULL),
(43, 'column 11', 'null', 1, 3, 1, '2014-10-30 07:40:57', '2014-10-29 10:48:31', NULL, NULL),
(44, 'column 11', 'null', 1, 3, 1, '2014-10-30 08:57:10', '2014-10-29 10:49:29', NULL, NULL),
(45, 'column 11', 'null', 1, 3, 0, '2014-10-29 10:56:10', '2014-10-29 10:56:10', NULL, NULL),
(46, 'column 11', 'null', 1, 3, 0, '2014-10-30 01:51:30', '2014-10-30 01:51:30', NULL, NULL),
(47, 'column 11', 'null', 1, 3, 0, '0000-00-00 00:00:00', '2014-10-30 01:53:00', '2014-10-30 08:53:00', NULL),
(48, 'column 11', 'null', 1, 3, 0, '0000-00-00 00:00:00', '2014-10-30 01:57:25', '2014-10-30 08:57:25', NULL);

-- --------------------------------------------------------

--
-- Table structure for table `pattern_column`
--

CREATE TABLE `pattern_column` (
`id` bigint(20) unsigned NOT NULL,
  `patternid` int(11) DEFAULT NULL,
  `header` varchar(100) DEFAULT NULL,
  `priority` int(11) DEFAULT NULL
) ENGINE=InnoDB  DEFAULT CHARSET=utf8 AUTO_INCREMENT=114 ;

--
-- Dumping data for table `pattern_column`
--

INSERT INTO `pattern_column` (`id`, `patternid`, `header`, `priority`) VALUES
(1, 1, 'v13a', 1),
(2, 1, 'v23a', 1),
(3, 1, 'v33aa', 1),
(4, 11, 'day cot chua 50 ki tu, ko biet no co dai qua ko i', 0),
(5, 11, 'day cot chua 50 ki tu, ko biet no co dai qua ko i', 1),
(6, 11, 'day cot chua 50 ki tu, ko biet no co dai qua ko i', 2),
(7, 12, 'column 1', 0),
(8, 12, 'column 2', 1),
(9, 12, 'column 3', 2),
(10, 13, 'column 1', 0),
(11, 13, 'column 2', 1),
(12, 13, 'column 3', 2),
(13, 14, 'column 1', 0),
(14, 14, 'column 2', 1),
(15, 14, 'column 3', 2),
(16, 15, 'column 1', 0),
(17, 15, 'column 2', 1),
(18, 15, 'column 3', 2),
(19, 16, 'column 1', 0),
(20, 16, 'column 2', 1),
(21, 16, 'column 3', 2),
(22, 17, 'column 1', 0),
(23, 17, 'column 2', 1),
(24, 17, 'column 3', 2),
(25, 18, 'column 1', 0),
(26, 18, 'column 2', 1),
(27, 18, 'column 3', 2),
(28, 19, 'column 1', 0),
(29, 19, 'column 2', 1),
(30, 19, 'column 3', 2),
(31, 20, 'column 1', 0),
(32, 20, 'column 2', 1),
(33, 20, 'column 3', 2),
(34, 21, 'column 1', 0),
(35, 21, 'column 2', 1),
(36, 21, 'column 3', 2),
(37, 22, 'column 1', 0),
(38, 22, 'column 2', 1),
(39, 22, 'column 3', 2),
(40, 23, 'column 1', 0),
(41, 23, 'column 2', 1),
(42, 23, 'column 3', 2),
(43, 24, 'column 1', 0),
(44, 24, 'column 2', 1),
(45, 24, 'column 3', 2),
(46, 25, 'column 1', 0),
(47, 25, 'column 2', 1),
(48, 25, 'column 3', 2),
(49, 26, 'v1', 0),
(50, 26, 'v2', 1),
(51, 26, 'v3', 2),
(52, 27, 'column 1', 0),
(53, 27, 'column 2', 1),
(54, 27, 'column 3', 2),
(55, 27, 'column 4', 3),
(56, 27, 'column 5', 4),
(57, 28, 'column 1', 0),
(58, 28, 'column 2', 1),
(59, 29, 'column 1', 0),
(60, 29, 'column 2', 1),
(61, 30, 'column 1', 0),
(62, 30, 'column 2', 1),
(63, 31, 'column 1', 0),
(64, 31, 'column 2', 1),
(65, 32, 'column 1', 0),
(66, 32, 'column 2', 1),
(67, 33, 'column 1', 0),
(68, 33, 'column 2', 1),
(69, 34, 'hiragana', 0),
(70, 34, 'katakana', 1),
(71, 34, 'romaji', 2),
(72, 35, 'column 1', 0),
(73, 35, 'column 2', 1),
(74, 35, 'column 3', 2),
(75, 36, 'column 1', 0),
(76, 36, 'column 2', 1),
(77, 36, 'column 3', 2),
(78, 37, 'column 1', 0),
(79, 37, 'column 2', 1),
(80, 37, 'column 3', 2),
(81, 38, 'column 1', 0),
(82, 38, 'column 2', 1),
(83, 38, 'column 3', 2),
(84, 39, 'column 1', 0),
(85, 39, 'column 2', 1),
(86, 39, 'column 3', 2),
(87, 40, 'column 1', 0),
(88, 40, 'column 2', 1),
(89, 40, 'column 3', 2),
(90, 41, 'column 1', 0),
(91, 41, 'column 2', 1),
(92, 41, 'column 3', 2),
(93, 42, 'column 1', 0),
(94, 42, 'column 2', 1),
(95, 42, 'column 3', 2),
(96, 43, 'column 1', 0),
(97, 43, 'column 2', 1),
(98, 43, 'column 3', 2),
(99, 44, 'column 1', 0),
(100, 44, 'column 2', 1),
(101, 44, 'column 3', 2),
(102, 45, 'column 1', 0),
(103, 45, 'column 2', 1),
(104, 45, 'column 3', 2),
(105, 46, 'column 1', 0),
(106, 46, 'column 2', 1),
(107, 46, 'column 3', 2),
(108, 47, 'column 1', 0),
(109, 47, 'column 2', 1),
(110, 47, 'column 3', 2),
(111, 48, 'column 1', 0),
(112, 48, 'column 2', 1),
(113, 48, 'column 3', 2);

-- --------------------------------------------------------

--
-- Table structure for table `pattern_detail`
--

CREATE TABLE `pattern_detail` (
`id` bigint(20) unsigned NOT NULL,
  `patternid` int(11) DEFAULT NULL,
  `columnid` int(11) DEFAULT NULL,
  `priority` int(11) DEFAULT NULL,
  `value` varchar(300) DEFAULT NULL
) ENGINE=InnoDB  DEFAULT CHARSET=utf8 AUTO_INCREMENT=3132 ;

--
-- Dumping data for table `pattern_detail`
--

INSERT INTO `pattern_detail` (`id`, `patternid`, `columnid`, `priority`, `value`) VALUES
(1, 1, 1, 1, 'goq'),
(3, 1, 2, 2, 'wentq'),
(4, 1, 3, 3, 'goneq'),
(5, 1, 1, 1, 'sleepq1'),
(6, 1, 2, 2, 'sleptq'),
(7, 1, 3, 3, 'sleptq'),
(8, 11, 4, 0, 'awake'),
(9, 11, 5, 1, 'awoke'),
(10, 11, 6, 2, 'awoken'),
(11, 11, 4, 0, 'be'),
(12, 11, 5, 1, 'was, were'),
(13, 11, 6, 2, 'been'),
(14, 11, 4, 0, 'beat'),
(15, 11, 5, 1, 'beat'),
(16, 11, 6, 2, 'beaten'),
(17, 11, 4, 0, 'become'),
(18, 11, 5, 1, 'became'),
(19, 11, 6, 2, 'become'),
(20, 11, 4, 0, 'begin'),
(21, 11, 5, 1, 'began'),
(22, 11, 6, 2, 'begun'),
(23, 11, 4, 0, 'bend'),
(24, 11, 5, 1, 'bent'),
(25, 11, 6, 2, 'bent'),
(26, 11, 4, 0, 'bet'),
(27, 11, 5, 1, 'bet'),
(28, 11, 6, 2, 'bet'),
(29, 11, 4, 0, 'bid'),
(30, 11, 5, 1, 'bid'),
(31, 11, 6, 2, 'bid'),
(32, 11, 4, 0, 'bite'),
(33, 11, 5, 1, 'bit'),
(34, 11, 6, 2, 'bitten'),
(35, 11, 4, 0, 'blow'),
(36, 11, 5, 1, 'blew'),
(37, 11, 6, 2, 'blown'),
(38, 11, 4, 0, 'breaks'),
(39, 11, 5, 1, 'broke'),
(40, 11, 6, 2, 'broken'),
(41, 11, 4, 0, 'bring'),
(42, 11, 5, 1, 'brought'),
(43, 11, 6, 2, 'brought'),
(44, 11, 4, 0, 'broadcast'),
(45, 11, 5, 1, 'broadcast'),
(46, 11, 6, 2, 'broadcast'),
(47, 11, 4, 0, 'build'),
(48, 11, 5, 1, 'built'),
(49, 11, 6, 2, 'built'),
(50, 11, 4, 0, 'buy'),
(51, 11, 5, 1, 'bought'),
(52, 11, 6, 2, 'bought'),
(53, 11, 4, 0, 'catch'),
(54, 11, 5, 1, 'caught'),
(55, 11, 6, 2, 'caught'),
(56, 11, 4, 0, 'choose'),
(57, 11, 5, 1, 'chose'),
(58, 11, 6, 2, 'chosen'),
(59, 11, 4, 0, 'come'),
(60, 11, 5, 1, 'came'),
(61, 11, 6, 2, 'come'),
(62, 11, 4, 0, 'cost'),
(63, 11, 5, 1, 'cost'),
(64, 11, 6, 2, 'cost'),
(65, 11, 4, 0, 'cut'),
(66, 11, 5, 1, 'cut'),
(67, 11, 6, 2, 'cut'),
(68, 11, 4, 0, 'dig'),
(69, 11, 5, 1, 'dug'),
(70, 11, 6, 2, 'dug'),
(71, 11, 4, 0, 'do'),
(72, 11, 5, 1, 'did'),
(73, 11, 6, 2, 'done'),
(74, 12, 7, 0, 'awake'),
(75, 12, 8, 1, 'awoke'),
(76, 12, 9, 2, 'awoken'),
(77, 12, 7, 0, 'be'),
(78, 12, 8, 1, 'was, were'),
(79, 12, 9, 2, 'been'),
(80, 12, 7, 0, 'beat'),
(81, 12, 8, 1, 'beat'),
(82, 12, 9, 2, 'beaten'),
(83, 12, 7, 0, 'become'),
(84, 12, 8, 1, 'became'),
(85, 12, 9, 2, 'become'),
(86, 12, 7, 0, 'begin'),
(87, 12, 8, 1, 'began'),
(88, 12, 9, 2, 'begun'),
(89, 12, 7, 0, 'bend'),
(90, 12, 8, 1, 'bent'),
(91, 12, 9, 2, 'bent'),
(92, 12, 7, 0, 'bet'),
(93, 12, 8, 1, 'bet'),
(94, 12, 9, 2, 'bet'),
(95, 12, 7, 0, 'bid'),
(96, 12, 8, 1, 'bid'),
(97, 12, 9, 2, 'bid'),
(98, 12, 7, 0, 'bite'),
(99, 12, 8, 1, 'bit'),
(100, 12, 9, 2, 'bitten'),
(101, 12, 7, 0, 'blow'),
(102, 12, 8, 1, 'blew'),
(103, 12, 9, 2, 'blown'),
(104, 12, 7, 0, 'break'),
(105, 12, 8, 1, 'broke'),
(106, 12, 9, 2, 'broken'),
(107, 12, 7, 0, 'bring'),
(108, 12, 8, 1, 'brought'),
(109, 12, 9, 2, 'brought'),
(110, 12, 7, 0, 'broadcast'),
(111, 12, 8, 1, 'broadcast'),
(112, 12, 9, 2, 'broadcast'),
(113, 12, 7, 0, 'build'),
(114, 12, 8, 1, 'built'),
(115, 12, 9, 2, 'built'),
(116, 12, 7, 0, 'buy'),
(117, 12, 8, 1, 'bought'),
(118, 12, 9, 2, 'bought'),
(119, 12, 7, 0, 'catch'),
(120, 12, 8, 1, 'caught'),
(121, 12, 9, 2, 'caught'),
(122, 12, 7, 0, 'choose'),
(123, 12, 8, 1, 'chose'),
(124, 12, 9, 2, 'chosen'),
(125, 12, 7, 0, 'come'),
(126, 12, 8, 1, 'came'),
(127, 12, 9, 2, 'come'),
(128, 12, 7, 0, 'cost'),
(129, 12, 8, 1, 'cost'),
(130, 12, 9, 2, 'cost'),
(131, 12, 7, 0, 'cut'),
(132, 12, 8, 1, 'cut'),
(133, 12, 9, 2, 'cut'),
(134, 12, 7, 0, 'dig'),
(135, 12, 8, 1, 'dug'),
(136, 12, 9, 2, 'dug'),
(137, 12, 7, 0, 'do'),
(138, 12, 8, 1, 'did'),
(139, 12, 9, 2, 'done'),
(140, 13, 10, 0, 'awake'),
(141, 13, 11, 1, 'awoke'),
(142, 13, 12, 2, 'awoken'),
(143, 13, 10, 0, 'be'),
(144, 13, 11, 1, 'was, were'),
(145, 13, 12, 2, 'been'),
(146, 13, 10, 0, 'beat'),
(147, 13, 11, 1, 'beat'),
(148, 13, 12, 2, 'beaten'),
(149, 13, 10, 0, 'become'),
(150, 13, 11, 1, 'became'),
(151, 13, 12, 2, 'become'),
(152, 13, 10, 0, 'begin'),
(153, 13, 11, 1, 'began'),
(154, 13, 12, 2, 'begun'),
(155, 13, 10, 0, 'bend'),
(156, 13, 11, 1, 'bent'),
(157, 13, 12, 2, 'bent'),
(158, 13, 10, 0, 'bet'),
(159, 13, 11, 1, 'bet'),
(160, 13, 12, 2, 'bet'),
(161, 13, 10, 0, 'bid'),
(162, 13, 11, 1, 'bid'),
(163, 13, 12, 2, 'bid'),
(164, 13, 10, 0, 'bite'),
(165, 13, 11, 1, 'bit'),
(166, 13, 12, 2, 'bitten'),
(167, 13, 10, 0, 'blow'),
(168, 13, 11, 1, 'blew'),
(169, 13, 12, 2, 'blown'),
(170, 13, 10, 0, 'break'),
(171, 13, 11, 1, 'broke'),
(172, 13, 12, 2, 'broken'),
(173, 13, 10, 0, 'bring'),
(174, 13, 11, 1, 'brought'),
(175, 13, 12, 2, 'brought'),
(176, 13, 10, 0, 'broadcast'),
(177, 13, 11, 1, 'broadcast'),
(178, 13, 12, 2, 'broadcast'),
(179, 13, 10, 0, 'build'),
(180, 13, 11, 1, 'built'),
(181, 13, 12, 2, 'built'),
(182, 13, 10, 0, 'buy'),
(183, 13, 11, 1, 'bought'),
(184, 13, 12, 2, 'bought'),
(185, 13, 10, 0, 'catch'),
(186, 13, 11, 1, 'caught'),
(187, 13, 12, 2, 'caught'),
(188, 13, 10, 0, 'choose'),
(189, 13, 11, 1, 'chose'),
(190, 13, 12, 2, 'chosen'),
(191, 13, 10, 0, 'come'),
(192, 13, 11, 1, 'came'),
(193, 13, 12, 2, 'come'),
(194, 13, 10, 0, 'cost'),
(195, 13, 11, 1, 'cost'),
(196, 13, 12, 2, 'cost'),
(197, 13, 10, 0, 'cut'),
(198, 13, 11, 1, 'cut'),
(199, 13, 12, 2, 'cut'),
(200, 13, 10, 0, 'dig'),
(201, 13, 11, 1, 'dug'),
(202, 13, 12, 2, 'dug'),
(203, 13, 10, 0, 'do'),
(204, 13, 11, 1, 'did'),
(205, 13, 12, 2, 'done'),
(206, 14, 13, 0, 'awake'),
(207, 14, 14, 1, 'awoke'),
(208, 14, 15, 2, 'awoken'),
(209, 14, 13, 0, 'be'),
(210, 14, 14, 1, 'was, were'),
(211, 14, 15, 2, 'been'),
(212, 14, 13, 0, 'beat'),
(213, 14, 14, 1, 'beat'),
(214, 14, 15, 2, 'beaten'),
(215, 14, 13, 0, 'become'),
(216, 14, 14, 1, 'became'),
(217, 14, 15, 2, 'become'),
(218, 14, 13, 0, 'begin'),
(219, 14, 14, 1, 'began'),
(220, 14, 15, 2, 'begun'),
(221, 14, 13, 0, 'bend'),
(222, 14, 14, 1, 'bent'),
(223, 14, 15, 2, 'bent'),
(224, 14, 13, 0, 'bet'),
(225, 14, 14, 1, 'bet'),
(226, 14, 15, 2, 'bet'),
(227, 14, 13, 0, 'bid'),
(228, 14, 14, 1, 'bid'),
(229, 14, 15, 2, 'bid'),
(230, 14, 13, 0, 'bite'),
(231, 14, 14, 1, 'bit'),
(232, 14, 15, 2, 'bitten'),
(233, 14, 13, 0, 'blow'),
(234, 14, 14, 1, 'blew'),
(235, 14, 15, 2, 'blown'),
(236, 14, 13, 0, 'break'),
(237, 14, 14, 1, 'broke'),
(238, 14, 15, 2, 'broken'),
(239, 14, 13, 0, 'bring'),
(240, 14, 14, 1, 'brought'),
(241, 14, 15, 2, 'brought'),
(242, 14, 13, 0, 'broadcast'),
(243, 14, 14, 1, 'broadcast'),
(244, 14, 15, 2, 'broadcast'),
(245, 14, 13, 0, 'build'),
(246, 14, 14, 1, 'built'),
(247, 14, 15, 2, 'built'),
(248, 14, 13, 0, 'buy'),
(249, 14, 14, 1, 'bought'),
(250, 14, 15, 2, 'bought'),
(251, 14, 13, 0, 'catch'),
(252, 14, 14, 1, 'caught'),
(253, 14, 15, 2, 'caught'),
(254, 14, 13, 0, 'choose'),
(255, 14, 14, 1, 'chose'),
(256, 14, 15, 2, 'chosen'),
(257, 14, 13, 0, 'come'),
(258, 14, 14, 1, 'came'),
(259, 14, 15, 2, 'come'),
(260, 14, 13, 0, 'cost'),
(261, 14, 14, 1, 'cost'),
(262, 14, 15, 2, 'cost'),
(263, 14, 13, 0, 'cut'),
(264, 14, 14, 1, 'cut'),
(265, 14, 15, 2, 'cut'),
(266, 14, 13, 0, 'dig'),
(267, 14, 14, 1, 'dug'),
(268, 14, 15, 2, 'dug'),
(269, 14, 13, 0, 'do'),
(270, 14, 14, 1, 'did'),
(271, 14, 15, 2, 'done'),
(272, 15, 16, 0, 'awake'),
(273, 15, 17, 1, 'awoke'),
(274, 15, 18, 2, 'awoken'),
(275, 15, 16, 0, 'be'),
(276, 15, 17, 1, 'was, were'),
(277, 15, 18, 2, 'been'),
(278, 15, 16, 0, 'beat'),
(279, 15, 17, 1, 'beat'),
(280, 15, 18, 2, 'beaten'),
(281, 15, 16, 0, 'become'),
(282, 15, 17, 1, 'became'),
(283, 15, 18, 2, 'become'),
(284, 15, 16, 0, 'begin'),
(285, 15, 17, 1, 'began'),
(286, 15, 18, 2, 'begun'),
(287, 15, 16, 0, 'bend'),
(288, 15, 17, 1, 'bent'),
(289, 15, 18, 2, 'bent'),
(290, 15, 16, 0, 'bet'),
(291, 15, 17, 1, 'bet'),
(292, 15, 18, 2, 'bet'),
(293, 15, 16, 0, 'bid'),
(294, 15, 17, 1, 'bid'),
(295, 15, 18, 2, 'bid'),
(296, 15, 16, 0, 'bite'),
(297, 15, 17, 1, 'bit'),
(298, 15, 18, 2, 'bitten'),
(299, 15, 16, 0, 'blow'),
(300, 15, 17, 1, 'blew'),
(301, 15, 18, 2, 'blown'),
(302, 15, 16, 0, 'break'),
(303, 15, 17, 1, 'broke'),
(304, 15, 18, 2, 'broken'),
(305, 15, 16, 0, 'bring'),
(306, 15, 17, 1, 'brought'),
(307, 15, 18, 2, 'brought'),
(308, 15, 16, 0, 'broadcast'),
(309, 15, 17, 1, 'broadcast'),
(310, 15, 18, 2, 'broadcast'),
(311, 15, 16, 0, 'build'),
(312, 15, 17, 1, 'built'),
(313, 15, 18, 2, 'built'),
(314, 15, 16, 0, 'buy'),
(315, 15, 17, 1, 'bought'),
(316, 15, 18, 2, 'bought'),
(317, 15, 16, 0, 'catch'),
(318, 15, 17, 1, 'caught'),
(319, 15, 18, 2, 'caught'),
(320, 15, 16, 0, 'choose'),
(321, 15, 17, 1, 'chose'),
(322, 15, 18, 2, 'chosen'),
(323, 15, 16, 0, 'come'),
(324, 15, 17, 1, 'came'),
(325, 15, 18, 2, 'come'),
(326, 15, 16, 0, 'cost'),
(327, 15, 17, 1, 'cost'),
(328, 15, 18, 2, 'cost'),
(329, 15, 16, 0, 'cut'),
(330, 15, 17, 1, 'cut'),
(331, 15, 18, 2, 'cut'),
(332, 15, 16, 0, 'dig'),
(333, 15, 17, 1, 'dug'),
(334, 15, 18, 2, 'dug'),
(335, 15, 16, 0, 'do'),
(336, 15, 17, 1, 'did'),
(337, 15, 18, 2, 'done'),
(338, 16, 19, 0, 'awake'),
(339, 16, 20, 1, 'awoke'),
(340, 16, 21, 2, 'awoken'),
(341, 16, 19, 0, 'be'),
(342, 16, 20, 1, 'was, were'),
(343, 16, 21, 2, 'been'),
(344, 16, 19, 0, 'beat'),
(345, 16, 20, 1, 'beat'),
(346, 16, 21, 2, 'beaten'),
(347, 16, 19, 0, 'become'),
(348, 16, 20, 1, 'became'),
(349, 16, 21, 2, 'become'),
(350, 16, 19, 0, 'begin'),
(351, 16, 20, 1, 'began'),
(352, 16, 21, 2, 'begun'),
(353, 16, 19, 0, 'bend'),
(354, 16, 20, 1, 'bent'),
(355, 16, 21, 2, 'bent'),
(356, 16, 19, 0, 'bet'),
(357, 16, 20, 1, 'bet'),
(358, 16, 21, 2, 'bet'),
(359, 16, 19, 0, 'bid'),
(360, 16, 20, 1, 'bid'),
(361, 16, 21, 2, 'bid'),
(362, 16, 19, 0, 'bite'),
(363, 16, 20, 1, 'bit'),
(364, 16, 21, 2, 'bitten'),
(365, 16, 19, 0, 'blow'),
(366, 16, 20, 1, 'blew'),
(367, 16, 21, 2, 'blown'),
(368, 16, 19, 0, 'break'),
(369, 16, 20, 1, 'broke'),
(370, 16, 21, 2, 'broken'),
(371, 16, 19, 0, 'bring'),
(372, 16, 20, 1, 'brought'),
(373, 16, 21, 2, 'brought'),
(374, 16, 19, 0, 'broadcast'),
(375, 16, 20, 1, 'broadcast'),
(376, 16, 21, 2, 'broadcast'),
(377, 16, 19, 0, 'build'),
(378, 16, 20, 1, 'built'),
(379, 16, 21, 2, 'built'),
(380, 16, 19, 0, 'buy'),
(381, 16, 20, 1, 'bought'),
(382, 16, 21, 2, 'bought'),
(383, 16, 19, 0, 'catch'),
(384, 16, 20, 1, 'caught'),
(385, 16, 21, 2, 'caught'),
(386, 16, 19, 0, 'choose'),
(387, 16, 20, 1, 'chose'),
(388, 16, 21, 2, 'chosen'),
(389, 16, 19, 0, 'come'),
(390, 16, 20, 1, 'came'),
(391, 16, 21, 2, 'come'),
(392, 16, 19, 0, 'cost'),
(393, 16, 20, 1, 'cost'),
(394, 16, 21, 2, 'cost'),
(395, 16, 19, 0, 'cut'),
(396, 16, 20, 1, 'cut'),
(397, 16, 21, 2, 'cut'),
(398, 16, 19, 0, 'dig'),
(399, 16, 20, 1, 'dug'),
(400, 16, 21, 2, 'dug'),
(401, 16, 19, 0, 'do'),
(402, 16, 20, 1, 'did'),
(403, 16, 21, 2, 'done'),
(404, 17, 22, 0, 'awake'),
(405, 17, 23, 1, 'awoke'),
(406, 17, 24, 2, 'awoken'),
(407, 17, 22, 0, 'be'),
(408, 17, 23, 1, 'was, were'),
(409, 17, 24, 2, 'been'),
(410, 17, 22, 0, 'beat'),
(411, 17, 23, 1, 'beat'),
(412, 17, 24, 2, 'beaten'),
(413, 17, 22, 0, 'become'),
(414, 17, 23, 1, 'became'),
(415, 17, 24, 2, 'become'),
(416, 17, 22, 0, 'begin'),
(417, 17, 23, 1, 'began'),
(418, 17, 24, 2, 'begun'),
(419, 17, 22, 0, 'bend'),
(420, 17, 23, 1, 'bent'),
(421, 17, 24, 2, 'bent'),
(422, 17, 22, 0, 'bet'),
(423, 17, 23, 1, 'bet'),
(424, 17, 24, 2, 'bet'),
(425, 17, 22, 0, 'bid'),
(426, 17, 23, 1, 'bid'),
(427, 17, 24, 2, 'bid'),
(428, 17, 22, 0, 'bite'),
(429, 17, 23, 1, 'bit'),
(430, 17, 24, 2, 'bitten'),
(431, 17, 22, 0, 'blow'),
(432, 17, 23, 1, 'blew'),
(433, 17, 24, 2, 'blown'),
(434, 17, 22, 0, 'break'),
(435, 17, 23, 1, 'broke'),
(436, 17, 24, 2, 'broken'),
(437, 17, 22, 0, 'bring'),
(438, 17, 23, 1, 'brought'),
(439, 17, 24, 2, 'brought'),
(440, 17, 22, 0, 'broadcast'),
(441, 17, 23, 1, 'broadcast'),
(442, 17, 24, 2, 'broadcast'),
(443, 17, 22, 0, 'build'),
(444, 17, 23, 1, 'built'),
(445, 17, 24, 2, 'built'),
(446, 17, 22, 0, 'buy'),
(447, 17, 23, 1, 'bought'),
(448, 17, 24, 2, 'bought'),
(449, 17, 22, 0, 'catch'),
(450, 17, 23, 1, 'caught'),
(451, 17, 24, 2, 'caught'),
(452, 17, 22, 0, 'choose'),
(453, 17, 23, 1, 'chose'),
(454, 17, 24, 2, 'chosen'),
(455, 17, 22, 0, 'come'),
(456, 17, 23, 1, 'came'),
(457, 17, 24, 2, 'come'),
(458, 17, 22, 0, 'cost'),
(459, 17, 23, 1, 'cost'),
(460, 17, 24, 2, 'cost'),
(461, 17, 22, 0, 'cut'),
(462, 17, 23, 1, 'cut'),
(463, 17, 24, 2, 'cut'),
(464, 17, 22, 0, 'dig'),
(465, 17, 23, 1, 'dug'),
(466, 17, 24, 2, 'dug'),
(467, 17, 22, 0, 'do'),
(468, 17, 23, 1, 'did'),
(469, 17, 24, 2, 'done'),
(470, 18, 25, 0, 'awake'),
(471, 18, 26, 1, 'awoke'),
(472, 18, 27, 2, 'awoken'),
(473, 18, 25, 0, 'be'),
(474, 18, 26, 1, 'was, were'),
(475, 18, 27, 2, 'been'),
(476, 18, 25, 0, 'beat'),
(477, 18, 26, 1, 'beat'),
(478, 18, 27, 2, 'beaten'),
(479, 18, 25, 0, 'become'),
(480, 18, 26, 1, 'became'),
(481, 18, 27, 2, 'become'),
(482, 18, 25, 0, 'begin'),
(483, 18, 26, 1, 'began'),
(484, 18, 27, 2, 'begun'),
(485, 18, 25, 0, 'bend'),
(486, 18, 26, 1, 'bent'),
(487, 18, 27, 2, 'bent'),
(488, 18, 25, 0, 'bet'),
(489, 18, 26, 1, 'bet'),
(490, 18, 27, 2, 'bet'),
(491, 18, 25, 0, 'bid'),
(492, 18, 26, 1, 'bid'),
(493, 18, 27, 2, 'bid'),
(494, 18, 25, 0, 'bite'),
(495, 18, 26, 1, 'bit'),
(496, 18, 27, 2, 'bitten'),
(497, 18, 25, 0, 'blow'),
(498, 18, 26, 1, 'blew'),
(499, 18, 27, 2, 'blown'),
(500, 18, 25, 0, 'break'),
(501, 18, 26, 1, 'broke'),
(502, 18, 27, 2, 'broken'),
(503, 18, 25, 0, 'bring'),
(504, 18, 26, 1, 'brought'),
(505, 18, 27, 2, 'brought'),
(506, 18, 25, 0, 'broadcast'),
(507, 18, 26, 1, 'broadcast'),
(508, 18, 27, 2, 'broadcast'),
(509, 18, 25, 0, 'build'),
(510, 18, 26, 1, 'built'),
(511, 18, 27, 2, 'built'),
(512, 18, 25, 0, 'buy'),
(513, 18, 26, 1, 'bought'),
(514, 18, 27, 2, 'bought'),
(515, 18, 25, 0, 'catch'),
(516, 18, 26, 1, 'caught'),
(517, 18, 27, 2, 'caught'),
(518, 18, 25, 0, 'choose'),
(519, 18, 26, 1, 'chose'),
(520, 18, 27, 2, 'chosen'),
(521, 18, 25, 0, 'come'),
(522, 18, 26, 1, 'came'),
(523, 18, 27, 2, 'come'),
(524, 18, 25, 0, 'cost'),
(525, 18, 26, 1, 'cost'),
(526, 18, 27, 2, 'cost'),
(527, 18, 25, 0, 'cut'),
(528, 18, 26, 1, 'cut'),
(529, 18, 27, 2, 'cut'),
(530, 18, 25, 0, 'dig'),
(531, 18, 26, 1, 'dug'),
(532, 18, 27, 2, 'dug'),
(533, 18, 25, 0, 'do'),
(534, 18, 26, 1, 'did'),
(535, 18, 27, 2, 'done'),
(536, 19, 28, 0, 'awake'),
(537, 19, 29, 1, 'awoke'),
(538, 19, 30, 2, 'awoken'),
(539, 19, 28, 0, 'be'),
(540, 19, 29, 1, 'was, were'),
(541, 19, 30, 2, 'been'),
(542, 19, 28, 0, 'beat'),
(543, 19, 29, 1, 'beat'),
(544, 19, 30, 2, 'beaten'),
(545, 19, 28, 0, 'become'),
(546, 19, 29, 1, 'became'),
(547, 19, 30, 2, 'become'),
(548, 19, 28, 0, 'begin'),
(549, 19, 29, 1, 'began'),
(550, 19, 30, 2, 'begun'),
(551, 19, 28, 0, 'bend'),
(552, 19, 29, 1, 'bent'),
(553, 19, 30, 2, 'bent'),
(554, 19, 28, 0, 'bet'),
(555, 19, 29, 1, 'bet'),
(556, 19, 30, 2, 'bet'),
(557, 19, 28, 0, 'bid'),
(558, 19, 29, 1, 'bid'),
(559, 19, 30, 2, 'bid'),
(560, 19, 28, 0, 'bite'),
(561, 19, 29, 1, 'bit'),
(562, 19, 30, 2, 'bitten'),
(563, 19, 28, 0, 'blow'),
(564, 19, 29, 1, 'blew'),
(565, 19, 30, 2, 'blown'),
(566, 19, 28, 0, 'break'),
(567, 19, 29, 1, 'broke'),
(568, 19, 30, 2, 'broken'),
(569, 19, 28, 0, 'bring'),
(570, 19, 29, 1, 'brought'),
(571, 19, 30, 2, 'brought'),
(572, 19, 28, 0, 'broadcast'),
(573, 19, 29, 1, 'broadcast'),
(574, 19, 30, 2, 'broadcast'),
(575, 19, 28, 0, 'build'),
(576, 19, 29, 1, 'built'),
(577, 19, 30, 2, 'built'),
(578, 19, 28, 0, 'buy'),
(579, 19, 29, 1, 'bought'),
(580, 19, 30, 2, 'bought'),
(581, 19, 28, 0, 'catch'),
(582, 19, 29, 1, 'caught'),
(583, 19, 30, 2, 'caught'),
(584, 19, 28, 0, 'choose'),
(585, 19, 29, 1, 'chose'),
(586, 19, 30, 2, 'chosen'),
(587, 19, 28, 0, 'come'),
(588, 19, 29, 1, 'came'),
(589, 19, 30, 2, 'come'),
(590, 19, 28, 0, 'cost'),
(591, 19, 29, 1, 'cost'),
(592, 19, 30, 2, 'cost'),
(593, 19, 28, 0, 'cut'),
(594, 19, 29, 1, 'cut'),
(595, 19, 30, 2, 'cut'),
(596, 19, 28, 0, 'dig'),
(597, 19, 29, 1, 'dug'),
(598, 19, 30, 2, 'dug'),
(599, 19, 28, 0, 'do'),
(600, 19, 29, 1, 'did'),
(601, 19, 30, 2, 'done'),
(602, 20, 31, 0, 'awake'),
(603, 20, 32, 1, 'awoke'),
(604, 20, 33, 2, 'awoken'),
(605, 20, 31, 0, 'be'),
(606, 20, 32, 1, 'was, were'),
(607, 20, 33, 2, 'been'),
(608, 20, 31, 0, 'beat'),
(609, 20, 32, 1, 'beat'),
(610, 20, 33, 2, 'beaten'),
(611, 20, 31, 0, 'become'),
(612, 20, 32, 1, 'became'),
(613, 20, 33, 2, 'become'),
(614, 20, 31, 0, 'begin'),
(615, 20, 32, 1, 'began'),
(616, 20, 33, 2, 'begun'),
(617, 20, 31, 0, 'bend'),
(618, 20, 32, 1, 'bent'),
(619, 20, 33, 2, 'bent'),
(620, 20, 31, 0, 'bet'),
(621, 20, 32, 1, 'bet'),
(622, 20, 33, 2, 'bet'),
(623, 20, 31, 0, 'bid'),
(624, 20, 32, 1, 'bid'),
(625, 20, 33, 2, 'bid'),
(626, 20, 31, 0, 'bite'),
(627, 20, 32, 1, 'bit'),
(628, 20, 33, 2, 'bitten'),
(629, 20, 31, 0, 'blow'),
(630, 20, 32, 1, 'blew'),
(631, 20, 33, 2, 'blown'),
(632, 20, 31, 0, 'break'),
(633, 20, 32, 1, 'broke'),
(634, 20, 33, 2, 'broken'),
(635, 20, 31, 0, 'bring'),
(636, 20, 32, 1, 'brought'),
(637, 20, 33, 2, 'brought'),
(638, 20, 31, 0, 'broadcast'),
(639, 20, 32, 1, 'broadcast'),
(640, 20, 33, 2, 'broadcast'),
(641, 20, 31, 0, 'build'),
(642, 20, 32, 1, 'built'),
(643, 20, 33, 2, 'built'),
(644, 20, 31, 0, 'buy'),
(645, 20, 32, 1, 'bought'),
(646, 20, 33, 2, 'bought'),
(647, 20, 31, 0, 'catch'),
(648, 20, 32, 1, 'caught'),
(649, 20, 33, 2, 'caught'),
(650, 20, 31, 0, 'choose'),
(651, 20, 32, 1, 'chose'),
(652, 20, 33, 2, 'chosen'),
(653, 20, 31, 0, 'come'),
(654, 20, 32, 1, 'came'),
(655, 20, 33, 2, 'come'),
(656, 20, 31, 0, 'cost'),
(657, 20, 32, 1, 'cost'),
(658, 20, 33, 2, 'cost'),
(659, 20, 31, 0, 'cut'),
(660, 20, 32, 1, 'cut'),
(661, 20, 33, 2, 'cut'),
(662, 20, 31, 0, 'dig'),
(663, 20, 32, 1, 'dug'),
(664, 20, 33, 2, 'dug'),
(665, 20, 31, 0, 'do'),
(666, 20, 32, 1, 'did'),
(667, 20, 33, 2, 'done'),
(668, 21, 34, 0, 'awake'),
(669, 21, 35, 1, 'awoke'),
(670, 21, 36, 2, 'awoken'),
(671, 21, 34, 0, 'be'),
(672, 21, 35, 1, 'was, were'),
(673, 21, 36, 2, 'been'),
(674, 21, 34, 0, 'beat'),
(675, 21, 35, 1, 'beat'),
(676, 21, 36, 2, 'beaten'),
(677, 21, 34, 0, 'become'),
(678, 21, 35, 1, 'became'),
(679, 21, 36, 2, 'become'),
(680, 21, 34, 0, 'begin'),
(681, 21, 35, 1, 'began'),
(682, 21, 36, 2, 'begun'),
(683, 21, 34, 0, 'bend'),
(684, 21, 35, 1, 'bent'),
(685, 21, 36, 2, 'bent'),
(686, 21, 34, 0, 'bet'),
(687, 21, 35, 1, 'bet'),
(688, 21, 36, 2, 'bet'),
(689, 21, 34, 0, 'bid'),
(690, 21, 35, 1, 'bid'),
(691, 21, 36, 2, 'bid'),
(692, 21, 34, 0, 'bite'),
(693, 21, 35, 1, 'bit'),
(694, 21, 36, 2, 'bitten'),
(695, 21, 34, 0, 'blow'),
(696, 21, 35, 1, 'blew'),
(697, 21, 36, 2, 'blown'),
(698, 21, 34, 0, 'break'),
(699, 21, 35, 1, 'broke'),
(700, 21, 36, 2, 'broken'),
(701, 21, 34, 0, 'bring'),
(702, 21, 35, 1, 'brought'),
(703, 21, 36, 2, 'brought'),
(704, 21, 34, 0, 'broadcast'),
(705, 21, 35, 1, 'broadcast'),
(706, 21, 36, 2, 'broadcast'),
(707, 21, 34, 0, 'build'),
(708, 21, 35, 1, 'built'),
(709, 21, 36, 2, 'built'),
(710, 21, 34, 0, 'buy'),
(711, 21, 35, 1, 'bought'),
(712, 21, 36, 2, 'bought'),
(713, 21, 34, 0, 'catch'),
(714, 21, 35, 1, 'caught'),
(715, 21, 36, 2, 'caught'),
(716, 21, 34, 0, 'choose'),
(717, 21, 35, 1, 'chose'),
(718, 21, 36, 2, 'chosen'),
(719, 21, 34, 0, 'come'),
(720, 21, 35, 1, 'came'),
(721, 21, 36, 2, 'come'),
(722, 21, 34, 0, 'cost'),
(723, 21, 35, 1, 'cost'),
(724, 21, 36, 2, 'cost'),
(725, 21, 34, 0, 'cut'),
(726, 21, 35, 1, 'cut'),
(727, 21, 36, 2, 'cut'),
(728, 21, 34, 0, 'dig'),
(729, 21, 35, 1, 'dug'),
(730, 21, 36, 2, 'dug'),
(731, 21, 34, 0, 'do'),
(732, 21, 35, 1, 'did'),
(733, 21, 36, 2, 'done'),
(734, 22, 37, 0, 'awake'),
(735, 22, 38, 1, 'awoke'),
(736, 22, 39, 2, 'awoken'),
(737, 22, 37, 0, 'be'),
(738, 22, 38, 1, 'was, were'),
(739, 22, 39, 2, 'been'),
(740, 22, 37, 0, 'beat'),
(741, 22, 38, 1, 'beat'),
(742, 22, 39, 2, 'beaten'),
(743, 22, 37, 0, 'become'),
(744, 22, 38, 1, 'became'),
(745, 22, 39, 2, 'become'),
(746, 22, 37, 0, 'begin'),
(747, 22, 38, 1, 'began'),
(748, 22, 39, 2, 'begun'),
(749, 22, 37, 0, 'bend'),
(750, 22, 38, 1, 'bent'),
(751, 22, 39, 2, 'bent'),
(752, 22, 37, 0, 'bet'),
(753, 22, 38, 1, 'bet'),
(754, 22, 39, 2, 'bet'),
(755, 22, 37, 0, 'bid'),
(756, 22, 38, 1, 'bid'),
(757, 22, 39, 2, 'bid'),
(758, 22, 37, 0, 'bite'),
(759, 22, 38, 1, 'bit'),
(760, 22, 39, 2, 'bitten'),
(761, 22, 37, 0, 'blow'),
(762, 22, 38, 1, 'blew'),
(763, 22, 39, 2, 'blown'),
(764, 22, 37, 0, 'break'),
(765, 22, 38, 1, 'broke'),
(766, 22, 39, 2, 'broken'),
(767, 22, 37, 0, 'bring'),
(768, 22, 38, 1, 'brought'),
(769, 22, 39, 2, 'brought'),
(770, 22, 37, 0, 'broadcast'),
(771, 22, 38, 1, 'broadcast'),
(772, 22, 39, 2, 'broadcast'),
(773, 22, 37, 0, 'build'),
(774, 22, 38, 1, 'built'),
(775, 22, 39, 2, 'built'),
(776, 22, 37, 0, 'buy'),
(777, 22, 38, 1, 'bought'),
(778, 22, 39, 2, 'bought'),
(779, 22, 37, 0, 'catch'),
(780, 22, 38, 1, 'caught'),
(781, 22, 39, 2, 'caught'),
(782, 22, 37, 0, 'choose'),
(783, 22, 38, 1, 'chose'),
(784, 22, 39, 2, 'chosen'),
(785, 22, 37, 0, 'come'),
(786, 22, 38, 1, 'came'),
(787, 22, 39, 2, 'come'),
(788, 22, 37, 0, 'cost'),
(789, 22, 38, 1, 'cost'),
(790, 22, 39, 2, 'cost'),
(791, 22, 37, 0, 'cut'),
(792, 22, 38, 1, 'cut'),
(793, 22, 39, 2, 'cut'),
(794, 22, 37, 0, 'dig'),
(795, 22, 38, 1, 'dug'),
(796, 22, 39, 2, 'dug'),
(797, 22, 37, 0, 'do'),
(798, 22, 38, 1, 'did'),
(799, 22, 39, 2, 'done'),
(800, 23, 40, 0, 'awake'),
(801, 23, 41, 1, 'awoke'),
(802, 23, 42, 2, 'awoken'),
(803, 23, 40, 0, 'be'),
(804, 23, 41, 1, 'was, were'),
(805, 23, 42, 2, 'been'),
(806, 23, 40, 0, 'beat'),
(807, 23, 41, 1, 'beat'),
(808, 23, 42, 2, 'beaten'),
(809, 23, 40, 0, 'become'),
(810, 23, 41, 1, 'became'),
(811, 23, 42, 2, 'become'),
(812, 23, 40, 0, 'begin'),
(813, 23, 41, 1, 'began'),
(814, 23, 42, 2, 'begun'),
(815, 23, 40, 0, 'bend'),
(816, 23, 41, 1, 'bent'),
(817, 23, 42, 2, 'bent'),
(818, 23, 40, 0, 'bet'),
(819, 23, 41, 1, 'bet'),
(820, 23, 42, 2, 'bet'),
(821, 23, 40, 0, 'bid'),
(822, 23, 41, 1, 'bid'),
(823, 23, 42, 2, 'bid'),
(824, 23, 40, 0, 'bite'),
(825, 23, 41, 1, 'bit'),
(826, 23, 42, 2, 'bitten'),
(827, 23, 40, 0, 'blow'),
(828, 23, 41, 1, 'blew'),
(829, 23, 42, 2, 'blown'),
(830, 23, 40, 0, 'break'),
(831, 23, 41, 1, 'broke'),
(832, 23, 42, 2, 'broken'),
(833, 23, 40, 0, 'bring'),
(834, 23, 41, 1, 'brought'),
(835, 23, 42, 2, 'brought'),
(836, 23, 40, 0, 'broadcast'),
(837, 23, 41, 1, 'broadcast'),
(838, 23, 42, 2, 'broadcast'),
(839, 23, 40, 0, 'build'),
(840, 23, 41, 1, 'built'),
(841, 23, 42, 2, 'built'),
(842, 23, 40, 0, 'buy'),
(843, 23, 41, 1, 'bought'),
(844, 23, 42, 2, 'bought'),
(845, 23, 40, 0, 'catch'),
(846, 23, 41, 1, 'caught'),
(847, 23, 42, 2, 'caught'),
(848, 23, 40, 0, 'choose'),
(849, 23, 41, 1, 'chose'),
(850, 23, 42, 2, 'chosen'),
(851, 23, 40, 0, 'come'),
(852, 23, 41, 1, 'came'),
(853, 23, 42, 2, 'come'),
(854, 23, 40, 0, 'cost'),
(855, 23, 41, 1, 'cost'),
(856, 23, 42, 2, 'cost'),
(857, 23, 40, 0, 'cut'),
(858, 23, 41, 1, 'cut'),
(859, 23, 42, 2, 'cut'),
(860, 23, 40, 0, 'dig'),
(861, 23, 41, 1, 'dug'),
(862, 23, 42, 2, 'dug'),
(863, 23, 40, 0, 'do'),
(864, 23, 41, 1, 'did'),
(865, 23, 42, 2, 'done'),
(866, 24, 43, 0, 'awake'),
(867, 24, 44, 1, 'awoke'),
(868, 24, 45, 2, 'awoken'),
(869, 24, 43, 0, 'be'),
(870, 24, 44, 1, 'was, were'),
(871, 24, 45, 2, 'been'),
(872, 24, 43, 0, 'beat'),
(873, 24, 44, 1, 'beat'),
(874, 24, 45, 2, 'beaten'),
(875, 24, 43, 0, 'become'),
(876, 24, 44, 1, 'became'),
(877, 24, 45, 2, 'become'),
(878, 24, 43, 0, 'begin'),
(879, 24, 44, 1, 'began'),
(880, 24, 45, 2, 'begun'),
(881, 24, 43, 0, 'bend'),
(882, 24, 44, 1, 'bent'),
(883, 24, 45, 2, 'bent'),
(884, 24, 43, 0, 'bet'),
(885, 24, 44, 1, 'bet'),
(886, 24, 45, 2, 'bet'),
(887, 24, 43, 0, 'bid'),
(888, 24, 44, 1, 'bid'),
(889, 24, 45, 2, 'bid'),
(890, 24, 43, 0, 'bite'),
(891, 24, 44, 1, 'bit'),
(892, 24, 45, 2, 'bitten'),
(893, 24, 43, 0, 'blow'),
(894, 24, 44, 1, 'blew'),
(895, 24, 45, 2, 'blown'),
(896, 24, 43, 0, 'break'),
(897, 24, 44, 1, 'broke'),
(898, 24, 45, 2, 'broken'),
(899, 24, 43, 0, 'bring'),
(900, 24, 44, 1, 'brought'),
(901, 24, 45, 2, 'brought'),
(902, 24, 43, 0, 'broadcast'),
(903, 24, 44, 1, 'broadcast'),
(904, 24, 45, 2, 'broadcast'),
(905, 24, 43, 0, 'build'),
(906, 24, 44, 1, 'built'),
(907, 24, 45, 2, 'built'),
(908, 24, 43, 0, 'buy'),
(909, 24, 44, 1, 'bought'),
(910, 24, 45, 2, 'bought'),
(911, 24, 43, 0, 'catch'),
(912, 24, 44, 1, 'caught'),
(913, 24, 45, 2, 'caught'),
(914, 24, 43, 0, 'choose'),
(915, 24, 44, 1, 'chose'),
(916, 24, 45, 2, 'chosen'),
(917, 24, 43, 0, 'come'),
(918, 24, 44, 1, 'came'),
(919, 24, 45, 2, 'come'),
(920, 24, 43, 0, 'cost'),
(921, 24, 44, 1, 'cost'),
(922, 24, 45, 2, 'cost'),
(923, 24, 43, 0, 'cut'),
(924, 24, 44, 1, 'cut'),
(925, 24, 45, 2, 'cut'),
(926, 24, 43, 0, 'dig'),
(927, 24, 44, 1, 'dug'),
(928, 24, 45, 2, 'dug'),
(929, 24, 43, 0, 'do'),
(930, 24, 44, 1, 'did'),
(931, 24, 45, 2, 'done'),
(932, 25, 46, 0, 'awake'),
(933, 25, 47, 1, 'awoke'),
(934, 25, 48, 2, 'awoken'),
(935, 25, 46, 0, 'be'),
(936, 25, 47, 1, 'was, were'),
(937, 25, 48, 2, 'been'),
(938, 25, 46, 0, 'beat'),
(939, 25, 47, 1, 'beat'),
(940, 25, 48, 2, 'beaten'),
(941, 25, 46, 0, 'become'),
(942, 25, 47, 1, 'became'),
(943, 25, 48, 2, 'become'),
(944, 25, 46, 0, 'begin'),
(945, 25, 47, 1, 'began'),
(946, 25, 48, 2, 'begun'),
(947, 25, 46, 0, 'bend'),
(948, 25, 47, 1, 'bent'),
(949, 25, 48, 2, 'bent'),
(950, 25, 46, 0, 'bet'),
(951, 25, 47, 1, 'bet'),
(952, 25, 48, 2, 'bet'),
(953, 25, 46, 0, 'bid'),
(954, 25, 47, 1, 'bid'),
(955, 25, 48, 2, 'bid'),
(956, 25, 46, 0, 'bite'),
(957, 25, 47, 1, 'bit'),
(958, 25, 48, 2, 'bitten'),
(959, 25, 46, 0, 'blow'),
(960, 25, 47, 1, 'blew'),
(961, 25, 48, 2, 'blown'),
(962, 25, 46, 0, 'break'),
(963, 25, 47, 1, 'broke'),
(964, 25, 48, 2, 'broken'),
(965, 25, 46, 0, 'bring'),
(966, 25, 47, 1, 'brought'),
(967, 25, 48, 2, 'brought'),
(968, 25, 46, 0, 'broadcast'),
(969, 25, 47, 1, 'broadcast'),
(970, 25, 48, 2, 'broadcast'),
(971, 25, 46, 0, 'build'),
(972, 25, 47, 1, 'built'),
(973, 25, 48, 2, 'built'),
(974, 25, 46, 0, 'buy'),
(975, 25, 47, 1, 'bought'),
(976, 25, 48, 2, 'bought'),
(977, 25, 46, 0, 'catch'),
(978, 25, 47, 1, 'caught'),
(979, 25, 48, 2, 'caught'),
(980, 25, 46, 0, 'choose'),
(981, 25, 47, 1, 'chose'),
(982, 25, 48, 2, 'chosen'),
(983, 25, 46, 0, 'come'),
(984, 25, 47, 1, 'came'),
(985, 25, 48, 2, 'come'),
(986, 25, 46, 0, 'cost'),
(987, 25, 47, 1, 'cost'),
(988, 25, 48, 2, 'cost'),
(989, 25, 46, 0, 'cut'),
(990, 25, 47, 1, 'cut'),
(991, 25, 48, 2, 'cut'),
(992, 25, 46, 0, 'dig'),
(993, 25, 47, 1, 'dug'),
(994, 25, 48, 2, 'dug'),
(995, 25, 46, 0, 'do'),
(996, 25, 47, 1, 'did'),
(997, 25, 48, 2, 'done'),
(998, 26, 49, 0, 'cut'),
(999, 26, 50, 1, 'cut'),
(1000, 26, 51, 2, 'cut'),
(1001, 26, 49, 0, 'dig'),
(1002, 26, 50, 1, 'dug'),
(1003, 26, 51, 2, 'dug'),
(1004, 26, 49, 0, 'do'),
(1005, 26, 50, 1, 'did'),
(1006, 26, 51, 2, 'done'),
(1007, 27, 52, 0, ''),
(1008, 27, 53, 1, ''),
(1009, 27, 54, 2, ''),
(1010, 27, 55, 3, ''),
(1011, 27, 56, 4, ''),
(1012, 27, 52, 0, ''),
(1013, 27, 53, 1, ''),
(1014, 27, 54, 2, ''),
(1015, 27, 55, 3, ''),
(1016, 27, 56, 4, ''),
(1017, 27, 52, 0, ''),
(1018, 27, 53, 1, ''),
(1019, 27, 54, 2, ''),
(1020, 27, 55, 3, ''),
(1021, 27, 56, 4, ''),
(1022, 27, 52, 0, ''),
(1023, 27, 53, 1, ''),
(1024, 27, 54, 2, ''),
(1025, 27, 55, 3, ''),
(1026, 27, 56, 4, ''),
(1027, 27, 52, 0, ''),
(1028, 27, 53, 1, ''),
(1029, 27, 54, 2, ''),
(1030, 27, 55, 3, ''),
(1031, 27, 56, 4, ''),
(1032, 28, 57, 0, ''),
(1033, 28, 58, 1, ''),
(1034, 28, 57, 0, ''),
(1035, 28, 58, 1, ''),
(1036, 28, 57, 0, ''),
(1037, 28, 58, 1, ''),
(1038, 28, 57, 0, ''),
(1039, 28, 58, 1, ''),
(1040, 28, 57, 0, ''),
(1041, 28, 58, 1, ''),
(1042, 29, 59, 0, '1'),
(1043, 29, 60, 1, '1'),
(1044, 29, 59, 0, '1'),
(1045, 29, 60, 1, '2'),
(1046, 30, 61, 0, '1'),
(1047, 30, 62, 1, '3'),
(1048, 30, 61, 0, '1'),
(1049, 30, 62, 1, '2'),
(1050, 31, 63, 0, '1'),
(1051, 31, 64, 1, '2'),
(1052, 31, 63, 0, 'w'),
(1053, 31, 64, 1, '2'),
(1054, 31, 63, 0, '2'),
(1055, 31, 64, 1, '3'),
(1056, 31, 63, 0, '2'),
(1057, 31, 64, 1, '1'),
(1058, 31, 63, 0, '3'),
(1059, 31, 64, 1, '2'),
(1060, 32, 65, 0, '1'),
(1061, 32, 66, 1, '2'),
(1062, 32, 65, 0, '2'),
(1063, 32, 66, 1, '2'),
(1064, 32, 65, 0, '2'),
(1065, 32, 66, 1, '2'),
(1066, 32, 65, 0, '2'),
(1067, 32, 66, 1, '3'),
(1068, 32, 65, 0, '2'),
(1069, 32, 66, 1, '3'),
(1070, 33, 67, 0, '11'),
(1071, 33, 68, 1, '12'),
(1072, 33, 67, 0, '22'),
(1073, 33, 68, 1, '21'),
(1074, 34, 69, 0, 'あ'),
(1075, 34, 70, 1, 'ア'),
(1076, 34, 71, 2, 'a'),
(1077, 34, 69, 0, 'い'),
(1078, 34, 70, 1, 'イ'),
(1079, 34, 71, 2, 'i'),
(1080, 34, 69, 0, 'う'),
(1081, 34, 70, 1, 'ウ'),
(1082, 34, 71, 2, 'u'),
(1083, 34, 69, 0, 'え'),
(1084, 34, 70, 1, 'エ'),
(1085, 34, 71, 2, 'e'),
(1086, 34, 69, 0, 'お'),
(1087, 34, 70, 1, 'オ'),
(1088, 34, 71, 2, 'o'),
(1089, 34, 69, 0, 'か'),
(1090, 34, 70, 1, 'カ'),
(1091, 34, 71, 2, 'ka'),
(1092, 34, 69, 0, 'き'),
(1093, 34, 70, 1, 'キ'),
(1094, 34, 71, 2, 'ki'),
(1095, 34, 69, 0, 'く'),
(1096, 34, 70, 1, 'ク'),
(1097, 34, 71, 2, 'ku'),
(1098, 34, 69, 0, 'け'),
(1099, 34, 70, 1, 'ケ'),
(1100, 34, 71, 2, 'ke'),
(1101, 34, 69, 0, 'こ'),
(1102, 34, 70, 1, 'コ'),
(1103, 34, 71, 2, 'ko'),
(1104, 34, 69, 0, 'さ'),
(1105, 34, 70, 1, 'サ'),
(1106, 34, 71, 2, 'sa'),
(1107, 34, 69, 0, 'し'),
(1108, 34, 70, 1, 'シ'),
(1109, 34, 71, 2, 'shi'),
(1110, 34, 69, 0, 'す'),
(1111, 34, 70, 1, 'ス'),
(1112, 34, 71, 2, 'su'),
(1113, 34, 69, 0, 'せ'),
(1114, 34, 70, 1, 'セ'),
(1115, 34, 71, 2, 'se'),
(1116, 34, 69, 0, 'そ'),
(1117, 34, 70, 1, 'ソ'),
(1118, 34, 71, 2, 'so'),
(1119, 34, 69, 0, 'た'),
(1120, 34, 70, 1, 'タ'),
(1121, 34, 71, 2, 'ta'),
(1122, 34, 69, 0, 'ち'),
(1123, 34, 70, 1, 'チ'),
(1124, 34, 71, 2, 'chi'),
(1125, 34, 69, 0, 'つ'),
(1126, 34, 70, 1, 'ツ'),
(1127, 34, 71, 2, 'tsu'),
(1128, 34, 69, 0, 'て'),
(1129, 34, 70, 1, 'テ'),
(1130, 34, 71, 2, 'te'),
(1131, 34, 69, 0, 'と'),
(1132, 34, 70, 1, 'ト'),
(1133, 34, 71, 2, 'to'),
(1134, 34, 69, 0, 'な'),
(1135, 34, 70, 1, 'ナ'),
(1136, 34, 71, 2, 'na'),
(1137, 34, 69, 0, 'に'),
(1138, 34, 70, 1, 'ニ'),
(1139, 34, 71, 2, 'ni'),
(1140, 34, 69, 0, 'ぬ'),
(1141, 34, 70, 1, 'ヌ'),
(1142, 34, 71, 2, 'nu'),
(1143, 34, 69, 0, 'ね'),
(1144, 34, 70, 1, 'ネ'),
(1145, 34, 71, 2, 'ne'),
(1146, 34, 69, 0, 'の'),
(1147, 34, 70, 1, 'ノ'),
(1148, 34, 71, 2, 'no'),
(1149, 34, 69, 0, 'は'),
(1150, 34, 70, 1, 'ハ'),
(1151, 34, 71, 2, 'ha'),
(1152, 34, 69, 0, 'ひ'),
(1153, 34, 70, 1, 'ヒ'),
(1154, 34, 71, 2, 'hi'),
(1155, 34, 69, 0, 'ふ'),
(1156, 34, 70, 1, 'フ'),
(1157, 34, 71, 2, 'fu'),
(1158, 34, 69, 0, 'へ'),
(1159, 34, 70, 1, 'ヘ'),
(1160, 34, 71, 2, 'he'),
(1161, 34, 69, 0, 'ほ'),
(1162, 34, 70, 1, 'ホ'),
(1163, 34, 71, 2, 'ho'),
(1164, 34, 69, 0, 'ま'),
(1165, 34, 70, 1, 'マ'),
(1166, 34, 71, 2, 'ma'),
(1167, 34, 69, 0, 'み'),
(1168, 34, 70, 1, 'ミ'),
(1169, 34, 71, 2, 'mi'),
(1170, 34, 69, 0, 'む'),
(1171, 34, 70, 1, 'ム'),
(1172, 34, 71, 2, 'mu'),
(1173, 34, 69, 0, 'め'),
(1174, 34, 70, 1, 'メ'),
(1175, 34, 71, 2, 'me'),
(1176, 34, 69, 0, 'も'),
(1177, 34, 70, 1, 'モ'),
(1178, 34, 71, 2, 'mo'),
(1179, 34, 69, 0, 'ら'),
(1180, 34, 70, 1, 'ラ'),
(1181, 34, 71, 2, 'ra'),
(1182, 34, 69, 0, 'り'),
(1183, 34, 70, 1, 'リ'),
(1184, 34, 71, 2, 'ri'),
(1185, 34, 69, 0, 'る'),
(1186, 34, 70, 1, 'ル'),
(1187, 34, 71, 2, 'ru'),
(1188, 34, 69, 0, 'れ'),
(1189, 34, 70, 1, 'レ'),
(1190, 34, 71, 2, 're'),
(1191, 34, 69, 0, 'ろ'),
(1192, 34, 70, 1, 'ロ'),
(1193, 34, 71, 2, 'ro'),
(1194, 34, 69, 0, 'や'),
(1195, 34, 70, 1, 'ヤ'),
(1196, 34, 71, 2, 'ya'),
(1197, 34, 69, 0, 'ゆ'),
(1198, 34, 70, 1, 'ユ'),
(1199, 34, 71, 2, 'yu'),
(1200, 34, 69, 0, 'よ'),
(1201, 34, 70, 1, 'ヨ'),
(1202, 34, 71, 2, 'yo'),
(1203, 34, 69, 0, 'わ'),
(1204, 34, 70, 1, 'ワ'),
(1205, 34, 71, 2, 'wa'),
(1206, 34, 69, 0, 'を'),
(1207, 34, 70, 1, 'ヲ'),
(1208, 34, 71, 2, 'wo'),
(1209, 34, 69, 0, 'ん'),
(1210, 34, 70, 1, 'ン'),
(1211, 34, 71, 2, 'n'),
(1212, 35, 72, 0, 'い'),
(1213, 35, 73, 1, 'イ'),
(1214, 35, 74, 2, 'i'),
(1215, 35, 72, 0, 'う'),
(1216, 35, 73, 1, 'ウ'),
(1217, 35, 74, 2, 'u'),
(1218, 35, 72, 0, 'え'),
(1219, 35, 73, 1, 'エ'),
(1220, 35, 74, 2, 'e'),
(1221, 35, 72, 0, 'お'),
(1222, 35, 73, 1, 'オ'),
(1223, 35, 74, 2, 'o'),
(1224, 35, 72, 0, 'か'),
(1225, 35, 73, 1, 'カ'),
(1226, 35, 74, 2, 'ka'),
(1227, 35, 72, 0, 'き'),
(1228, 35, 73, 1, 'キ'),
(1229, 35, 74, 2, 'ki'),
(1230, 35, 72, 0, 'く'),
(1231, 35, 73, 1, 'ク'),
(1232, 35, 74, 2, 'ku'),
(1233, 35, 72, 0, 'け'),
(1234, 35, 73, 1, 'ケ'),
(1235, 35, 74, 2, 'ke'),
(1236, 35, 72, 0, 'こ'),
(1237, 35, 73, 1, 'コ'),
(1238, 35, 74, 2, 'ko'),
(1239, 35, 72, 0, 'さ'),
(1240, 35, 73, 1, 'サ'),
(1241, 35, 74, 2, 'sa'),
(1242, 35, 72, 0, 'し'),
(1243, 35, 73, 1, 'シ'),
(1244, 35, 74, 2, 'shi'),
(1245, 35, 72, 0, 'す'),
(1246, 35, 73, 1, 'ス'),
(1247, 35, 74, 2, 'su'),
(1248, 35, 72, 0, 'せ'),
(1249, 35, 73, 1, 'セ'),
(1250, 35, 74, 2, 'se'),
(1251, 35, 72, 0, 'そ'),
(1252, 35, 73, 1, 'ソ'),
(1253, 35, 74, 2, 'so'),
(1254, 35, 72, 0, 'た'),
(1255, 35, 73, 1, 'タ'),
(1256, 35, 74, 2, 'ta'),
(1257, 35, 72, 0, 'ち'),
(1258, 35, 73, 1, 'チ'),
(1259, 35, 74, 2, 'chi'),
(1260, 35, 72, 0, 'つ'),
(1261, 35, 73, 1, 'ツ'),
(1262, 35, 74, 2, 'tsu'),
(1263, 35, 72, 0, 'て'),
(1264, 35, 73, 1, 'テ'),
(1265, 35, 74, 2, 'te'),
(1266, 35, 72, 0, 'と'),
(1267, 35, 73, 1, 'ト'),
(1268, 35, 74, 2, 'to'),
(1269, 35, 72, 0, 'な'),
(1270, 35, 73, 1, 'ナ'),
(1271, 35, 74, 2, 'na'),
(1272, 35, 72, 0, 'に'),
(1273, 35, 73, 1, 'ニ'),
(1274, 35, 74, 2, 'ni'),
(1275, 35, 72, 0, 'ぬ'),
(1276, 35, 73, 1, 'ヌ'),
(1277, 35, 74, 2, 'nu'),
(1278, 35, 72, 0, 'ね'),
(1279, 35, 73, 1, 'ネ'),
(1280, 35, 74, 2, 'ne'),
(1281, 35, 72, 0, 'の'),
(1282, 35, 73, 1, 'ノ'),
(1283, 35, 74, 2, 'no'),
(1284, 35, 72, 0, 'は'),
(1285, 35, 73, 1, 'ハ'),
(1286, 35, 74, 2, 'ha'),
(1287, 35, 72, 0, 'ひ'),
(1288, 35, 73, 1, 'ヒ'),
(1289, 35, 74, 2, 'hi'),
(1290, 35, 72, 0, 'ふ'),
(1291, 35, 73, 1, 'フ'),
(1292, 35, 74, 2, 'fu'),
(1293, 35, 72, 0, 'へ'),
(1294, 35, 73, 1, 'ヘ'),
(1295, 35, 74, 2, 'he'),
(1296, 35, 72, 0, 'ほ'),
(1297, 35, 73, 1, 'ホ'),
(1298, 35, 74, 2, 'ho'),
(1299, 35, 72, 0, 'ま'),
(1300, 35, 73, 1, 'マ'),
(1301, 35, 74, 2, 'ma'),
(1302, 35, 72, 0, 'み'),
(1303, 35, 73, 1, 'ミ'),
(1304, 35, 74, 2, 'mi'),
(1305, 35, 72, 0, 'む'),
(1306, 35, 73, 1, 'ム'),
(1307, 35, 74, 2, 'mu'),
(1308, 35, 72, 0, 'も'),
(1309, 35, 73, 1, 'モ'),
(1310, 35, 74, 2, 'mo'),
(1311, 35, 72, 0, 'り'),
(1312, 35, 73, 1, 'リ'),
(1313, 35, 74, 2, 'ri'),
(1314, 35, 72, 0, 'る'),
(1315, 35, 73, 1, 'ル'),
(1316, 35, 74, 2, 'ru'),
(1317, 35, 72, 0, 'れ'),
(1318, 35, 73, 1, 'レ'),
(1319, 35, 74, 2, 're'),
(1320, 35, 72, 0, 'や'),
(1321, 35, 73, 1, 'ヤ'),
(1322, 35, 74, 2, 'ya'),
(1323, 35, 72, 0, 'ゆ'),
(1324, 35, 73, 1, 'ユ'),
(1325, 35, 74, 2, 'yu'),
(1326, 35, 72, 0, 'よ'),
(1327, 35, 73, 1, 'ヨ'),
(1328, 35, 74, 2, 'yo'),
(1329, 35, 72, 0, 'わ'),
(1330, 35, 73, 1, 'ワ'),
(1331, 35, 74, 2, 'wa'),
(1332, 35, 72, 0, 'を'),
(1333, 35, 73, 1, 'ヲ'),
(1334, 35, 74, 2, 'wo'),
(1335, 35, 72, 0, 'ん'),
(1336, 35, 73, 1, 'ン'),
(1337, 35, 74, 2, 'n'),
(1338, 36, 75, 0, 'あ'),
(1339, 36, 76, 1, 'ア'),
(1340, 36, 77, 2, 'a'),
(1341, 36, 75, 0, 'い'),
(1342, 36, 76, 1, 'イ'),
(1343, 36, 77, 2, 'i'),
(1344, 36, 75, 0, 'う'),
(1345, 36, 76, 1, 'ウ'),
(1346, 36, 77, 2, 'u'),
(1347, 36, 75, 0, 'え'),
(1348, 36, 76, 1, 'エ'),
(1349, 36, 77, 2, 'e'),
(1350, 36, 75, 0, 'お'),
(1351, 36, 76, 1, 'オ'),
(1352, 36, 77, 2, 'o'),
(1353, 36, 75, 0, 'か'),
(1354, 36, 76, 1, 'カ'),
(1355, 36, 77, 2, 'ka'),
(1356, 36, 75, 0, 'き'),
(1357, 36, 76, 1, 'キ'),
(1358, 36, 77, 2, 'ki'),
(1359, 36, 75, 0, 'く'),
(1360, 36, 76, 1, 'ク'),
(1361, 36, 77, 2, 'ku'),
(1362, 36, 75, 0, 'け'),
(1363, 36, 76, 1, 'ケ'),
(1364, 36, 77, 2, 'ke'),
(1365, 36, 75, 0, 'こ'),
(1366, 36, 76, 1, 'コ'),
(1367, 36, 77, 2, 'ko'),
(1368, 36, 75, 0, 'さ'),
(1369, 36, 76, 1, 'サ'),
(1370, 36, 77, 2, 'sa'),
(1371, 36, 75, 0, 'し'),
(1372, 36, 76, 1, 'シ'),
(1373, 36, 77, 2, 'shi'),
(1374, 36, 75, 0, 'す'),
(1375, 36, 76, 1, 'ス'),
(1376, 36, 77, 2, 'su'),
(1377, 36, 75, 0, 'せ'),
(1378, 36, 76, 1, 'セ'),
(1379, 36, 77, 2, 'se'),
(1380, 36, 75, 0, 'そ'),
(1381, 36, 76, 1, 'ソ'),
(1382, 36, 77, 2, 'so'),
(1383, 36, 75, 0, 'た'),
(1384, 36, 76, 1, 'タ'),
(1385, 36, 77, 2, 'ta'),
(1386, 36, 75, 0, 'ち'),
(1387, 36, 76, 1, 'チ'),
(1388, 36, 77, 2, 'chi'),
(1389, 36, 75, 0, 'つ'),
(1390, 36, 76, 1, 'ツ'),
(1391, 36, 77, 2, 'tsu'),
(1392, 36, 75, 0, 'て'),
(1393, 36, 76, 1, 'テ'),
(1394, 36, 77, 2, 'te'),
(1395, 36, 75, 0, 'と'),
(1396, 36, 76, 1, 'ト'),
(1397, 36, 77, 2, 'to'),
(1398, 36, 75, 0, 'な'),
(1399, 36, 76, 1, 'ナ'),
(1400, 36, 77, 2, 'na'),
(1401, 36, 75, 0, 'に'),
(1402, 36, 76, 1, 'ニ'),
(1403, 36, 77, 2, 'ni'),
(1404, 36, 75, 0, 'ぬ'),
(1405, 36, 76, 1, 'ヌ'),
(1406, 36, 77, 2, 'nu'),
(1407, 36, 75, 0, 'ね'),
(1408, 36, 76, 1, 'ネ'),
(1409, 36, 77, 2, 'ne'),
(1410, 36, 75, 0, 'の'),
(1411, 36, 76, 1, 'ノ'),
(1412, 36, 77, 2, 'no'),
(1413, 36, 75, 0, 'は'),
(1414, 36, 76, 1, 'ハ'),
(1415, 36, 77, 2, 'ha'),
(1416, 36, 75, 0, 'ひ'),
(1417, 36, 76, 1, 'ヒ'),
(1418, 36, 77, 2, 'hi'),
(1419, 36, 75, 0, 'ふ'),
(1420, 36, 76, 1, 'フ'),
(1421, 36, 77, 2, 'fu'),
(1422, 36, 75, 0, 'へ'),
(1423, 36, 76, 1, 'ヘ'),
(1424, 36, 77, 2, 'he'),
(1425, 36, 75, 0, 'ほ'),
(1426, 36, 76, 1, 'ホ'),
(1427, 36, 77, 2, 'ho'),
(1428, 36, 75, 0, 'ま'),
(1429, 36, 76, 1, 'マ'),
(1430, 36, 77, 2, 'ma'),
(1431, 36, 75, 0, 'み'),
(1432, 36, 76, 1, 'ミ'),
(1433, 36, 77, 2, 'mi'),
(1434, 36, 75, 0, 'む'),
(1435, 36, 76, 1, 'ム'),
(1436, 36, 77, 2, 'mu'),
(1437, 36, 75, 0, 'め'),
(1438, 36, 76, 1, 'メ'),
(1439, 36, 77, 2, 'me'),
(1440, 36, 75, 0, 'も'),
(1441, 36, 76, 1, 'モ'),
(1442, 36, 77, 2, 'mo'),
(1443, 36, 75, 0, 'ら'),
(1444, 36, 76, 1, 'ラ'),
(1445, 36, 77, 2, 'ra'),
(1446, 36, 75, 0, 'り'),
(1447, 36, 76, 1, 'リ'),
(1448, 36, 77, 2, 'ri'),
(1449, 36, 75, 0, 'る'),
(1450, 36, 76, 1, 'ル'),
(1451, 36, 77, 2, 'ru'),
(1452, 36, 75, 0, 'れ'),
(1453, 36, 76, 1, 'レ'),
(1454, 36, 77, 2, 're'),
(1455, 36, 75, 0, 'ろ'),
(1456, 36, 76, 1, 'ロ'),
(1457, 36, 77, 2, 'ro'),
(1458, 36, 75, 0, 'や'),
(1459, 36, 76, 1, 'ヤ'),
(1460, 36, 77, 2, 'ya'),
(1461, 36, 75, 0, 'ゆ'),
(1462, 36, 76, 1, 'ユ'),
(1463, 36, 77, 2, 'yu'),
(1464, 36, 75, 0, 'よ'),
(1465, 36, 76, 1, 'ヨ'),
(1466, 36, 77, 2, 'yo'),
(1467, 36, 75, 0, 'わ'),
(1468, 36, 76, 1, 'ワ'),
(1469, 36, 77, 2, 'wa'),
(1470, 36, 75, 0, 'を'),
(1471, 36, 76, 1, 'ヲ'),
(1472, 36, 77, 2, 'wo'),
(1473, 36, 75, 0, 'ん'),
(1474, 36, 76, 1, 'ン'),
(1475, 36, 77, 2, 'n'),
(1476, 37, 78, 0, 'あ'),
(1477, 37, 79, 1, 'ア'),
(1478, 37, 80, 2, 'a'),
(1479, 37, 78, 0, 'い'),
(1480, 37, 79, 1, 'イ'),
(1481, 37, 80, 2, 'i'),
(1482, 37, 78, 0, 'う'),
(1483, 37, 79, 1, 'ウ'),
(1484, 37, 80, 2, 'u'),
(1485, 37, 78, 0, 'え'),
(1486, 37, 79, 1, 'エ'),
(1487, 37, 80, 2, 'e'),
(1488, 37, 78, 0, 'お'),
(1489, 37, 79, 1, 'オ'),
(1490, 37, 80, 2, 'o'),
(1491, 37, 78, 0, 'か'),
(1492, 37, 79, 1, 'カ'),
(1493, 37, 80, 2, 'ka'),
(1494, 37, 78, 0, 'き'),
(1495, 37, 79, 1, 'キ'),
(1496, 37, 80, 2, 'ki'),
(1497, 37, 78, 0, 'く'),
(1498, 37, 79, 1, 'ク'),
(1499, 37, 80, 2, 'ku'),
(1500, 37, 78, 0, 'け'),
(1501, 37, 79, 1, 'ケ'),
(1502, 37, 80, 2, 'ke'),
(1503, 37, 78, 0, 'こ'),
(1504, 37, 79, 1, 'コ'),
(1505, 37, 80, 2, 'ko'),
(1506, 37, 78, 0, 'さ'),
(1507, 37, 79, 1, 'サ'),
(1508, 37, 80, 2, 'sa'),
(1509, 37, 78, 0, 'し'),
(1510, 37, 79, 1, 'シ'),
(1511, 37, 80, 2, 'shi'),
(1512, 37, 78, 0, 'す'),
(1513, 37, 79, 1, 'ス'),
(1514, 37, 80, 2, 'su'),
(1515, 37, 78, 0, 'せ'),
(1516, 37, 79, 1, 'セ'),
(1517, 37, 80, 2, 'se'),
(1518, 37, 78, 0, 'そ'),
(1519, 37, 79, 1, 'ソ'),
(1520, 37, 80, 2, 'so'),
(1521, 37, 78, 0, 'た'),
(1522, 37, 79, 1, 'タ'),
(1523, 37, 80, 2, 'ta'),
(1524, 37, 78, 0, 'ち'),
(1525, 37, 79, 1, 'チ'),
(1526, 37, 80, 2, 'chi'),
(1527, 37, 78, 0, 'つ'),
(1528, 37, 79, 1, 'ツ'),
(1529, 37, 80, 2, 'tsu'),
(1530, 37, 78, 0, 'て'),
(1531, 37, 79, 1, 'テ'),
(1532, 37, 80, 2, 'te'),
(1533, 37, 78, 0, 'と'),
(1534, 37, 79, 1, 'ト'),
(1535, 37, 80, 2, 'to'),
(1536, 37, 78, 0, 'な'),
(1537, 37, 79, 1, 'ナ'),
(1538, 37, 80, 2, 'na'),
(1539, 37, 78, 0, 'に'),
(1540, 37, 79, 1, 'ニ'),
(1541, 37, 80, 2, 'ni'),
(1542, 37, 78, 0, 'ぬ'),
(1543, 37, 79, 1, 'ヌ'),
(1544, 37, 80, 2, 'nu'),
(1545, 37, 78, 0, 'ね'),
(1546, 37, 79, 1, 'ネ'),
(1547, 37, 80, 2, 'ne'),
(1548, 37, 78, 0, 'の'),
(1549, 37, 79, 1, 'ノ'),
(1550, 37, 80, 2, 'no'),
(1551, 37, 78, 0, 'は'),
(1552, 37, 79, 1, 'ハ'),
(1553, 37, 80, 2, 'ha'),
(1554, 37, 78, 0, 'ひ'),
(1555, 37, 79, 1, 'ヒ'),
(1556, 37, 80, 2, 'hi'),
(1557, 37, 78, 0, 'ふ'),
(1558, 37, 79, 1, 'フ'),
(1559, 37, 80, 2, 'fu'),
(1560, 37, 78, 0, 'へ'),
(1561, 37, 79, 1, 'ヘ'),
(1562, 37, 80, 2, 'he'),
(1563, 37, 78, 0, 'ほ'),
(1564, 37, 79, 1, 'ホ'),
(1565, 37, 80, 2, 'ho'),
(1566, 37, 78, 0, 'ま'),
(1567, 37, 79, 1, 'マ'),
(1568, 37, 80, 2, 'ma'),
(1569, 37, 78, 0, 'み'),
(1570, 37, 79, 1, 'ミ'),
(1571, 37, 80, 2, 'mi'),
(1572, 37, 78, 0, 'む'),
(1573, 37, 79, 1, 'ム'),
(1574, 37, 80, 2, 'mu'),
(1575, 37, 78, 0, 'め'),
(1576, 37, 79, 1, 'メ'),
(1577, 37, 80, 2, 'me'),
(1578, 37, 78, 0, 'も'),
(1579, 37, 79, 1, 'モ'),
(1580, 37, 80, 2, 'mo'),
(1581, 37, 78, 0, 'ら'),
(1582, 37, 79, 1, 'ラ'),
(1583, 37, 80, 2, 'ra'),
(1584, 37, 78, 0, 'り'),
(1585, 37, 79, 1, 'リ'),
(1586, 37, 80, 2, 'ri'),
(1587, 37, 78, 0, 'る'),
(1588, 37, 79, 1, 'ル'),
(1589, 37, 80, 2, 'ru'),
(1590, 37, 78, 0, 'れ'),
(1591, 37, 79, 1, 'レ'),
(1592, 37, 80, 2, 're'),
(1593, 37, 78, 0, 'ろ'),
(1594, 37, 79, 1, 'ロ'),
(1595, 37, 80, 2, 'ro'),
(1596, 37, 78, 0, 'や'),
(1597, 37, 79, 1, 'ヤ'),
(1598, 37, 80, 2, 'ya'),
(1599, 37, 78, 0, 'ゆ'),
(1600, 37, 79, 1, 'ユ'),
(1601, 37, 80, 2, 'yu'),
(1602, 37, 78, 0, 'よ'),
(1603, 37, 79, 1, 'ヨ'),
(1604, 37, 80, 2, 'yo'),
(1605, 37, 78, 0, 'わ'),
(1606, 37, 79, 1, 'ワ'),
(1607, 37, 80, 2, 'wa'),
(1608, 37, 78, 0, 'を'),
(1609, 37, 79, 1, 'ヲ'),
(1610, 37, 80, 2, 'wo'),
(1611, 37, 78, 0, 'ん'),
(1612, 37, 79, 1, 'ン'),
(1613, 37, 80, 2, 'n'),
(1614, 38, 81, 0, 'あ'),
(1615, 38, 82, 1, 'ア'),
(1616, 38, 83, 2, 'a'),
(1617, 38, 81, 0, 'い'),
(1618, 38, 82, 1, 'イ'),
(1619, 38, 83, 2, 'i'),
(1620, 38, 81, 0, 'う'),
(1621, 38, 82, 1, 'ウ'),
(1622, 38, 83, 2, 'u'),
(1623, 38, 81, 0, 'え'),
(1624, 38, 82, 1, 'エ'),
(1625, 38, 83, 2, 'e'),
(1626, 38, 81, 0, 'お'),
(1627, 38, 82, 1, 'オ'),
(1628, 38, 83, 2, 'o'),
(1629, 38, 81, 0, 'か'),
(1630, 38, 82, 1, 'カ'),
(1631, 38, 83, 2, 'ka'),
(1632, 38, 81, 0, 'き'),
(1633, 38, 82, 1, 'キ'),
(1634, 38, 83, 2, 'ki'),
(1635, 38, 81, 0, 'く'),
(1636, 38, 82, 1, 'ク'),
(1637, 38, 83, 2, 'ku'),
(1638, 38, 81, 0, 'け'),
(1639, 38, 82, 1, 'ケ'),
(1640, 38, 83, 2, 'ke'),
(1641, 38, 81, 0, 'こ'),
(1642, 38, 82, 1, 'コ'),
(1643, 38, 83, 2, 'ko'),
(1644, 38, 81, 0, 'さ'),
(1645, 38, 82, 1, 'サ'),
(1646, 38, 83, 2, 'sa'),
(1647, 38, 81, 0, 'し'),
(1648, 38, 82, 1, 'シ'),
(1649, 38, 83, 2, 'shi'),
(1650, 38, 81, 0, 'す'),
(1651, 38, 82, 1, 'ス'),
(1652, 38, 83, 2, 'su'),
(1653, 38, 81, 0, 'せ'),
(1654, 38, 82, 1, 'セ'),
(1655, 38, 83, 2, 'se'),
(1656, 38, 81, 0, 'そ'),
(1657, 38, 82, 1, 'ソ'),
(1658, 38, 83, 2, 'so'),
(1659, 38, 81, 0, 'た'),
(1660, 38, 82, 1, 'タ'),
(1661, 38, 83, 2, 'ta'),
(1662, 38, 81, 0, 'ち'),
(1663, 38, 82, 1, 'チ'),
(1664, 38, 83, 2, 'chi'),
(1665, 38, 81, 0, 'つ'),
(1666, 38, 82, 1, 'ツ'),
(1667, 38, 83, 2, 'tsu'),
(1668, 38, 81, 0, 'て'),
(1669, 38, 82, 1, 'テ'),
(1670, 38, 83, 2, 'te'),
(1671, 38, 81, 0, 'と'),
(1672, 38, 82, 1, 'ト'),
(1673, 38, 83, 2, 'to'),
(1674, 38, 81, 0, 'な'),
(1675, 38, 82, 1, 'ナ'),
(1676, 38, 83, 2, 'na'),
(1677, 38, 81, 0, 'に'),
(1678, 38, 82, 1, 'ニ'),
(1679, 38, 83, 2, 'ni'),
(1680, 38, 81, 0, 'ぬ'),
(1681, 38, 82, 1, 'ヌ'),
(1682, 38, 83, 2, 'nu'),
(1683, 38, 81, 0, 'ね'),
(1684, 38, 82, 1, 'ネ'),
(1685, 38, 83, 2, 'ne'),
(1686, 38, 81, 0, 'の'),
(1687, 38, 82, 1, 'ノ'),
(1688, 38, 83, 2, 'no'),
(1689, 38, 81, 0, 'は'),
(1690, 38, 82, 1, 'ハ'),
(1691, 38, 83, 2, 'ha'),
(1692, 38, 81, 0, 'ひ'),
(1693, 38, 82, 1, 'ヒ'),
(1694, 38, 83, 2, 'hi'),
(1695, 38, 81, 0, 'ふ'),
(1696, 38, 82, 1, 'フ'),
(1697, 38, 83, 2, 'fu'),
(1698, 38, 81, 0, 'へ'),
(1699, 38, 82, 1, 'ヘ'),
(1700, 38, 83, 2, 'he'),
(1701, 38, 81, 0, 'ほ'),
(1702, 38, 82, 1, 'ホ'),
(1703, 38, 83, 2, 'ho'),
(1704, 38, 81, 0, 'ま'),
(1705, 38, 82, 1, 'マ'),
(1706, 38, 83, 2, 'ma'),
(1707, 38, 81, 0, 'み'),
(1708, 38, 82, 1, 'ミ'),
(1709, 38, 83, 2, 'mi'),
(1710, 38, 81, 0, 'む'),
(1711, 38, 82, 1, 'ム'),
(1712, 38, 83, 2, 'mu'),
(1713, 38, 81, 0, 'め'),
(1714, 38, 82, 1, 'メ'),
(1715, 38, 83, 2, 'me'),
(1716, 38, 81, 0, 'も'),
(1717, 38, 82, 1, 'モ'),
(1718, 38, 83, 2, 'mo'),
(1719, 38, 81, 0, 'ら'),
(1720, 38, 82, 1, 'ラ'),
(1721, 38, 83, 2, 'ra'),
(1722, 38, 81, 0, 'り'),
(1723, 38, 82, 1, 'リ'),
(1724, 38, 83, 2, 'ri'),
(1725, 38, 81, 0, 'る'),
(1726, 38, 82, 1, 'ル'),
(1727, 38, 83, 2, 'ru'),
(1728, 38, 81, 0, 'れ'),
(1729, 38, 82, 1, 'レ'),
(1730, 38, 83, 2, 're'),
(1731, 38, 81, 0, 'ろ'),
(1732, 38, 82, 1, 'ロ'),
(1733, 38, 83, 2, 'ro'),
(1734, 38, 81, 0, 'や'),
(1735, 38, 82, 1, 'ヤ'),
(1736, 38, 83, 2, 'ya'),
(1737, 38, 81, 0, 'ゆ'),
(1738, 38, 82, 1, 'ユ'),
(1739, 38, 83, 2, 'yu'),
(1740, 38, 81, 0, 'よ'),
(1741, 38, 82, 1, 'ヨ'),
(1742, 38, 83, 2, 'yo'),
(1743, 38, 81, 0, 'わ'),
(1744, 38, 82, 1, 'ワ'),
(1745, 38, 83, 2, 'wa'),
(1746, 38, 81, 0, 'を'),
(1747, 38, 82, 1, 'ヲ'),
(1748, 38, 83, 2, 'wo'),
(1749, 38, 81, 0, 'ん'),
(1750, 38, 82, 1, 'ン'),
(1751, 38, 83, 2, 'n'),
(1752, 39, 84, 0, 'あ'),
(1753, 39, 85, 1, 'ア'),
(1754, 39, 86, 2, 'a'),
(1755, 39, 84, 0, 'い'),
(1756, 39, 85, 1, 'イ'),
(1757, 39, 86, 2, 'i'),
(1758, 39, 84, 0, 'う'),
(1759, 39, 85, 1, 'ウ'),
(1760, 39, 86, 2, 'u'),
(1761, 39, 84, 0, 'え'),
(1762, 39, 85, 1, 'エ'),
(1763, 39, 86, 2, 'e'),
(1764, 39, 84, 0, 'お'),
(1765, 39, 85, 1, 'オ'),
(1766, 39, 86, 2, 'o'),
(1767, 39, 84, 0, 'か'),
(1768, 39, 85, 1, 'カ'),
(1769, 39, 86, 2, 'ka'),
(1770, 39, 84, 0, 'き'),
(1771, 39, 85, 1, 'キ'),
(1772, 39, 86, 2, 'ki'),
(1773, 39, 84, 0, 'く'),
(1774, 39, 85, 1, 'ク'),
(1775, 39, 86, 2, 'ku'),
(1776, 39, 84, 0, 'け'),
(1777, 39, 85, 1, 'ケ'),
(1778, 39, 86, 2, 'ke'),
(1779, 39, 84, 0, 'こ'),
(1780, 39, 85, 1, 'コ'),
(1781, 39, 86, 2, 'ko'),
(1782, 39, 84, 0, 'さ'),
(1783, 39, 85, 1, 'サ'),
(1784, 39, 86, 2, 'sa'),
(1785, 39, 84, 0, 'し'),
(1786, 39, 85, 1, 'シ'),
(1787, 39, 86, 2, 'shi'),
(1788, 39, 84, 0, 'す'),
(1789, 39, 85, 1, 'ス'),
(1790, 39, 86, 2, 'su'),
(1791, 39, 84, 0, 'せ'),
(1792, 39, 85, 1, 'セ'),
(1793, 39, 86, 2, 'se'),
(1794, 39, 84, 0, 'そ'),
(1795, 39, 85, 1, 'ソ'),
(1796, 39, 86, 2, 'so'),
(1797, 39, 84, 0, 'た'),
(1798, 39, 85, 1, 'タ'),
(1799, 39, 86, 2, 'ta'),
(1800, 39, 84, 0, 'ち'),
(1801, 39, 85, 1, 'チ'),
(1802, 39, 86, 2, 'chi'),
(1803, 39, 84, 0, 'つ'),
(1804, 39, 85, 1, 'ツ'),
(1805, 39, 86, 2, 'tsu'),
(1806, 39, 84, 0, 'て'),
(1807, 39, 85, 1, 'テ'),
(1808, 39, 86, 2, 'te'),
(1809, 39, 84, 0, 'と'),
(1810, 39, 85, 1, 'ト'),
(1811, 39, 86, 2, 'to'),
(1812, 39, 84, 0, 'な'),
(1813, 39, 85, 1, 'ナ'),
(1814, 39, 86, 2, 'na'),
(1815, 39, 84, 0, 'に'),
(1816, 39, 85, 1, 'ニ'),
(1817, 39, 86, 2, 'ni'),
(1818, 39, 84, 0, 'ぬ'),
(1819, 39, 85, 1, 'ヌ'),
(1820, 39, 86, 2, 'nu'),
(1821, 39, 84, 0, 'ね'),
(1822, 39, 85, 1, 'ネ'),
(1823, 39, 86, 2, 'ne'),
(1824, 39, 84, 0, 'の'),
(1825, 39, 85, 1, 'ノ'),
(1826, 39, 86, 2, 'no'),
(1827, 39, 84, 0, 'は'),
(1828, 39, 85, 1, 'ハ'),
(1829, 39, 86, 2, 'ha'),
(1830, 39, 84, 0, 'ひ'),
(1831, 39, 85, 1, 'ヒ'),
(1832, 39, 86, 2, 'hi'),
(1833, 39, 84, 0, 'ふ'),
(1834, 39, 85, 1, 'フ'),
(1835, 39, 86, 2, 'fu'),
(1836, 39, 84, 0, 'へ'),
(1837, 39, 85, 1, 'ヘ'),
(1838, 39, 86, 2, 'he'),
(1839, 39, 84, 0, 'ほ'),
(1840, 39, 85, 1, 'ホ'),
(1841, 39, 86, 2, 'ho'),
(1842, 39, 84, 0, 'ま'),
(1843, 39, 85, 1, 'マ'),
(1844, 39, 86, 2, 'ma'),
(1845, 39, 84, 0, 'み'),
(1846, 39, 85, 1, 'ミ'),
(1847, 39, 86, 2, 'mi'),
(1848, 39, 84, 0, 'む'),
(1849, 39, 85, 1, 'ム'),
(1850, 39, 86, 2, 'mu'),
(1851, 39, 84, 0, 'め'),
(1852, 39, 85, 1, 'メ'),
(1853, 39, 86, 2, 'me'),
(1854, 39, 84, 0, 'も'),
(1855, 39, 85, 1, 'モ'),
(1856, 39, 86, 2, 'mo'),
(1857, 39, 84, 0, 'ら'),
(1858, 39, 85, 1, 'ラ'),
(1859, 39, 86, 2, 'ra'),
(1860, 39, 84, 0, 'り'),
(1861, 39, 85, 1, 'リ'),
(1862, 39, 86, 2, 'ri'),
(1863, 39, 84, 0, 'る'),
(1864, 39, 85, 1, 'ル'),
(1865, 39, 86, 2, 'ru'),
(1866, 39, 84, 0, 'れ'),
(1867, 39, 85, 1, 'レ'),
(1868, 39, 86, 2, 're'),
(1869, 39, 84, 0, 'ろ'),
(1870, 39, 85, 1, 'ロ'),
(1871, 39, 86, 2, 'ro'),
(1872, 39, 84, 0, 'や'),
(1873, 39, 85, 1, 'ヤ'),
(1874, 39, 86, 2, 'ya'),
(1875, 39, 84, 0, 'ゆ'),
(1876, 39, 85, 1, 'ユ'),
(1877, 39, 86, 2, 'yu'),
(1878, 39, 84, 0, 'よ'),
(1879, 39, 85, 1, 'ヨ'),
(1880, 39, 86, 2, 'yo'),
(1881, 39, 84, 0, 'わ'),
(1882, 39, 85, 1, 'ワ'),
(1883, 39, 86, 2, 'wa'),
(1884, 39, 84, 0, 'を'),
(1885, 39, 85, 1, 'ヲ'),
(1886, 39, 86, 2, 'wo'),
(1887, 39, 84, 0, 'ん'),
(1888, 39, 85, 1, 'ン'),
(1889, 39, 86, 2, 'n'),
(1890, 40, 87, 0, 'あ'),
(1891, 40, 88, 1, 'ア'),
(1892, 40, 89, 2, 'a'),
(1893, 40, 87, 0, 'い'),
(1894, 40, 88, 1, 'イ'),
(1895, 40, 89, 2, 'i'),
(1896, 40, 87, 0, 'う'),
(1897, 40, 88, 1, 'ウ'),
(1898, 40, 89, 2, 'u'),
(1899, 40, 87, 0, 'え'),
(1900, 40, 88, 1, 'エ'),
(1901, 40, 89, 2, 'e'),
(1902, 40, 87, 0, 'お'),
(1903, 40, 88, 1, 'オ'),
(1904, 40, 89, 2, 'o'),
(1905, 40, 87, 0, 'か'),
(1906, 40, 88, 1, 'カ'),
(1907, 40, 89, 2, 'ka'),
(1908, 40, 87, 0, 'き'),
(1909, 40, 88, 1, 'キ'),
(1910, 40, 89, 2, 'ki'),
(1911, 40, 87, 0, 'く'),
(1912, 40, 88, 1, 'ク'),
(1913, 40, 89, 2, 'ku'),
(1914, 40, 87, 0, 'け'),
(1915, 40, 88, 1, 'ケ'),
(1916, 40, 89, 2, 'ke'),
(1917, 40, 87, 0, 'こ'),
(1918, 40, 88, 1, 'コ'),
(1919, 40, 89, 2, 'ko'),
(1920, 40, 87, 0, 'さ'),
(1921, 40, 88, 1, 'サ'),
(1922, 40, 89, 2, 'sa'),
(1923, 40, 87, 0, 'し'),
(1924, 40, 88, 1, 'シ'),
(1925, 40, 89, 2, 'shi'),
(1926, 40, 87, 0, 'す'),
(1927, 40, 88, 1, 'ス'),
(1928, 40, 89, 2, 'su'),
(1929, 40, 87, 0, 'せ'),
(1930, 40, 88, 1, 'セ'),
(1931, 40, 89, 2, 'se'),
(1932, 40, 87, 0, 'そ'),
(1933, 40, 88, 1, 'ソ'),
(1934, 40, 89, 2, 'so'),
(1935, 40, 87, 0, 'た'),
(1936, 40, 88, 1, 'タ'),
(1937, 40, 89, 2, 'ta'),
(1938, 40, 87, 0, 'ち'),
(1939, 40, 88, 1, 'チ'),
(1940, 40, 89, 2, 'chi'),
(1941, 40, 87, 0, 'つ'),
(1942, 40, 88, 1, 'ツ'),
(1943, 40, 89, 2, 'tsu'),
(1944, 40, 87, 0, 'て'),
(1945, 40, 88, 1, 'テ'),
(1946, 40, 89, 2, 'te'),
(1947, 40, 87, 0, 'と'),
(1948, 40, 88, 1, 'ト'),
(1949, 40, 89, 2, 'to'),
(1950, 40, 87, 0, 'な'),
(1951, 40, 88, 1, 'ナ'),
(1952, 40, 89, 2, 'na'),
(1953, 40, 87, 0, 'に'),
(1954, 40, 88, 1, 'ニ'),
(1955, 40, 89, 2, 'ni'),
(1956, 40, 87, 0, 'ぬ'),
(1957, 40, 88, 1, 'ヌ'),
(1958, 40, 89, 2, 'nu'),
(1959, 40, 87, 0, 'ね'),
(1960, 40, 88, 1, 'ネ'),
(1961, 40, 89, 2, 'ne'),
(1962, 40, 87, 0, 'の'),
(1963, 40, 88, 1, 'ノ'),
(1964, 40, 89, 2, 'no'),
(1965, 40, 87, 0, 'は'),
(1966, 40, 88, 1, 'ハ'),
(1967, 40, 89, 2, 'ha'),
(1968, 40, 87, 0, 'ひ'),
(1969, 40, 88, 1, 'ヒ'),
(1970, 40, 89, 2, 'hi'),
(1971, 40, 87, 0, 'ふ'),
(1972, 40, 88, 1, 'フ'),
(1973, 40, 89, 2, 'fu'),
(1974, 40, 87, 0, 'へ'),
(1975, 40, 88, 1, 'ヘ'),
(1976, 40, 89, 2, 'he'),
(1977, 40, 87, 0, 'ほ'),
(1978, 40, 88, 1, 'ホ'),
(1979, 40, 89, 2, 'ho'),
(1980, 40, 87, 0, 'ま'),
(1981, 40, 88, 1, 'マ'),
(1982, 40, 89, 2, 'ma'),
(1983, 40, 87, 0, 'み'),
(1984, 40, 88, 1, 'ミ'),
(1985, 40, 89, 2, 'mi'),
(1986, 40, 87, 0, 'む'),
(1987, 40, 88, 1, 'ム'),
(1988, 40, 89, 2, 'mu'),
(1989, 40, 87, 0, 'め'),
(1990, 40, 88, 1, 'メ'),
(1991, 40, 89, 2, 'me'),
(1992, 40, 87, 0, 'も'),
(1993, 40, 88, 1, 'モ'),
(1994, 40, 89, 2, 'mo'),
(1995, 40, 87, 0, 'ら'),
(1996, 40, 88, 1, 'ラ'),
(1997, 40, 89, 2, 'ra'),
(1998, 40, 87, 0, 'り'),
(1999, 40, 88, 1, 'リ'),
(2000, 40, 89, 2, 'ri'),
(2001, 40, 87, 0, 'る'),
(2002, 40, 88, 1, 'ル'),
(2003, 40, 89, 2, 'ru'),
(2004, 40, 87, 0, 'れ'),
(2005, 40, 88, 1, 'レ'),
(2006, 40, 89, 2, 're'),
(2007, 40, 87, 0, 'ろ'),
(2008, 40, 88, 1, 'ロ'),
(2009, 40, 89, 2, 'ro'),
(2010, 40, 87, 0, 'や'),
(2011, 40, 88, 1, 'ヤ'),
(2012, 40, 89, 2, 'ya'),
(2013, 40, 87, 0, 'ゆ'),
(2014, 40, 88, 1, 'ユ'),
(2015, 40, 89, 2, 'yu'),
(2016, 40, 87, 0, 'よ'),
(2017, 40, 88, 1, 'ヨ'),
(2018, 40, 89, 2, 'yo'),
(2019, 40, 87, 0, 'わ'),
(2020, 40, 88, 1, 'ワ'),
(2021, 40, 89, 2, 'wa'),
(2022, 40, 87, 0, 'を'),
(2023, 40, 88, 1, 'ヲ'),
(2024, 40, 89, 2, 'wo'),
(2025, 40, 87, 0, 'ん'),
(2026, 40, 88, 1, 'ン'),
(2027, 40, 89, 2, 'n'),
(2028, 41, 90, 0, 'あ'),
(2029, 41, 91, 1, 'ア'),
(2030, 41, 92, 2, 'a'),
(2031, 41, 90, 0, 'い'),
(2032, 41, 91, 1, 'イ'),
(2033, 41, 92, 2, 'i'),
(2034, 41, 90, 0, 'う'),
(2035, 41, 91, 1, 'ウ'),
(2036, 41, 92, 2, 'u'),
(2037, 41, 90, 0, 'え'),
(2038, 41, 91, 1, 'エ'),
(2039, 41, 92, 2, 'e'),
(2040, 41, 90, 0, 'お'),
(2041, 41, 91, 1, 'オ'),
(2042, 41, 92, 2, 'o'),
(2043, 41, 90, 0, 'か'),
(2044, 41, 91, 1, 'カ'),
(2045, 41, 92, 2, 'ka'),
(2046, 41, 90, 0, 'き'),
(2047, 41, 91, 1, 'キ'),
(2048, 41, 92, 2, 'ki'),
(2049, 41, 90, 0, 'く'),
(2050, 41, 91, 1, 'ク'),
(2051, 41, 92, 2, 'ku'),
(2052, 41, 90, 0, 'け'),
(2053, 41, 91, 1, 'ケ'),
(2054, 41, 92, 2, 'ke'),
(2055, 41, 90, 0, 'こ'),
(2056, 41, 91, 1, 'コ'),
(2057, 41, 92, 2, 'ko'),
(2058, 41, 90, 0, 'さ'),
(2059, 41, 91, 1, 'サ'),
(2060, 41, 92, 2, 'sa'),
(2061, 41, 90, 0, 'し'),
(2062, 41, 91, 1, 'シ'),
(2063, 41, 92, 2, 'shi'),
(2064, 41, 90, 0, 'す'),
(2065, 41, 91, 1, 'ス'),
(2066, 41, 92, 2, 'su'),
(2067, 41, 90, 0, 'せ'),
(2068, 41, 91, 1, 'セ'),
(2069, 41, 92, 2, 'se'),
(2070, 41, 90, 0, 'そ'),
(2071, 41, 91, 1, 'ソ'),
(2072, 41, 92, 2, 'so'),
(2073, 41, 90, 0, 'た'),
(2074, 41, 91, 1, 'タ'),
(2075, 41, 92, 2, 'ta'),
(2076, 41, 90, 0, 'ち'),
(2077, 41, 91, 1, 'チ'),
(2078, 41, 92, 2, 'chi'),
(2079, 41, 90, 0, 'つ'),
(2080, 41, 91, 1, 'ツ'),
(2081, 41, 92, 2, 'tsu'),
(2082, 41, 90, 0, 'て'),
(2083, 41, 91, 1, 'テ');
INSERT INTO `pattern_detail` (`id`, `patternid`, `columnid`, `priority`, `value`) VALUES
(2084, 41, 92, 2, 'te'),
(2085, 41, 90, 0, 'と'),
(2086, 41, 91, 1, 'ト'),
(2087, 41, 92, 2, 'to'),
(2088, 41, 90, 0, 'な'),
(2089, 41, 91, 1, 'ナ'),
(2090, 41, 92, 2, 'na'),
(2091, 41, 90, 0, 'に'),
(2092, 41, 91, 1, 'ニ'),
(2093, 41, 92, 2, 'ni'),
(2094, 41, 90, 0, 'ぬ'),
(2095, 41, 91, 1, 'ヌ'),
(2096, 41, 92, 2, 'nu'),
(2097, 41, 90, 0, 'ね'),
(2098, 41, 91, 1, 'ネ'),
(2099, 41, 92, 2, 'ne'),
(2100, 41, 90, 0, 'の'),
(2101, 41, 91, 1, 'ノ'),
(2102, 41, 92, 2, 'no'),
(2103, 41, 90, 0, 'は'),
(2104, 41, 91, 1, 'ハ'),
(2105, 41, 92, 2, 'ha'),
(2106, 41, 90, 0, 'ひ'),
(2107, 41, 91, 1, 'ヒ'),
(2108, 41, 92, 2, 'hi'),
(2109, 41, 90, 0, 'ふ'),
(2110, 41, 91, 1, 'フ'),
(2111, 41, 92, 2, 'fu'),
(2112, 41, 90, 0, 'へ'),
(2113, 41, 91, 1, 'ヘ'),
(2114, 41, 92, 2, 'he'),
(2115, 41, 90, 0, 'ほ'),
(2116, 41, 91, 1, 'ホ'),
(2117, 41, 92, 2, 'ho'),
(2118, 41, 90, 0, 'ま'),
(2119, 41, 91, 1, 'マ'),
(2120, 41, 92, 2, 'ma'),
(2121, 41, 90, 0, 'み'),
(2122, 41, 91, 1, 'ミ'),
(2123, 41, 92, 2, 'mi'),
(2124, 41, 90, 0, 'む'),
(2125, 41, 91, 1, 'ム'),
(2126, 41, 92, 2, 'mu'),
(2127, 41, 90, 0, 'め'),
(2128, 41, 91, 1, 'メ'),
(2129, 41, 92, 2, 'me'),
(2130, 41, 90, 0, 'も'),
(2131, 41, 91, 1, 'モ'),
(2132, 41, 92, 2, 'mo'),
(2133, 41, 90, 0, 'ら'),
(2134, 41, 91, 1, 'ラ'),
(2135, 41, 92, 2, 'ra'),
(2136, 41, 90, 0, 'り'),
(2137, 41, 91, 1, 'リ'),
(2138, 41, 92, 2, 'ri'),
(2139, 41, 90, 0, 'る'),
(2140, 41, 91, 1, 'ル'),
(2141, 41, 92, 2, 'ru'),
(2142, 41, 90, 0, 'れ'),
(2143, 41, 91, 1, 'レ'),
(2144, 41, 92, 2, 're'),
(2145, 41, 90, 0, 'ろ'),
(2146, 41, 91, 1, 'ロ'),
(2147, 41, 92, 2, 'ro'),
(2148, 41, 90, 0, 'や'),
(2149, 41, 91, 1, 'ヤ'),
(2150, 41, 92, 2, 'ya'),
(2151, 41, 90, 0, 'ゆ'),
(2152, 41, 91, 1, 'ユ'),
(2153, 41, 92, 2, 'yu'),
(2154, 41, 90, 0, 'よ'),
(2155, 41, 91, 1, 'ヨ'),
(2156, 41, 92, 2, 'yo'),
(2157, 41, 90, 0, 'わ'),
(2158, 41, 91, 1, 'ワ'),
(2159, 41, 92, 2, 'wa'),
(2160, 41, 90, 0, 'を'),
(2161, 41, 91, 1, 'ヲ'),
(2162, 41, 92, 2, 'wo'),
(2163, 41, 90, 0, 'ん'),
(2164, 41, 91, 1, 'ン'),
(2165, 41, 92, 2, 'n'),
(2166, 42, 93, 0, 'あ'),
(2167, 42, 94, 1, 'ア'),
(2168, 42, 95, 2, 'a'),
(2169, 42, 93, 0, 'い'),
(2170, 42, 94, 1, 'イ'),
(2171, 42, 95, 2, 'i'),
(2172, 42, 93, 0, 'う'),
(2173, 42, 94, 1, 'ウ'),
(2174, 42, 95, 2, 'u'),
(2175, 42, 93, 0, 'え'),
(2176, 42, 94, 1, 'エ'),
(2177, 42, 95, 2, 'e'),
(2178, 42, 93, 0, 'お'),
(2179, 42, 94, 1, 'オ'),
(2180, 42, 95, 2, 'o'),
(2181, 42, 93, 0, 'か'),
(2182, 42, 94, 1, 'カ'),
(2183, 42, 95, 2, 'ka'),
(2184, 42, 93, 0, 'き'),
(2185, 42, 94, 1, 'キ'),
(2186, 42, 95, 2, 'ki'),
(2187, 42, 93, 0, 'く'),
(2188, 42, 94, 1, 'ク'),
(2189, 42, 95, 2, 'ku'),
(2190, 42, 93, 0, 'け'),
(2191, 42, 94, 1, 'ケ'),
(2192, 42, 95, 2, 'ke'),
(2193, 42, 93, 0, 'こ'),
(2194, 42, 94, 1, 'コ'),
(2195, 42, 95, 2, 'ko'),
(2196, 42, 93, 0, 'さ'),
(2197, 42, 94, 1, 'サ'),
(2198, 42, 95, 2, 'sa'),
(2199, 42, 93, 0, 'し'),
(2200, 42, 94, 1, 'シ'),
(2201, 42, 95, 2, 'shi'),
(2202, 42, 93, 0, 'す'),
(2203, 42, 94, 1, 'ス'),
(2204, 42, 95, 2, 'su'),
(2205, 42, 93, 0, 'せ'),
(2206, 42, 94, 1, 'セ'),
(2207, 42, 95, 2, 'se'),
(2208, 42, 93, 0, 'そ'),
(2209, 42, 94, 1, 'ソ'),
(2210, 42, 95, 2, 'so'),
(2211, 42, 93, 0, 'た'),
(2212, 42, 94, 1, 'タ'),
(2213, 42, 95, 2, 'ta'),
(2214, 42, 93, 0, 'ち'),
(2215, 42, 94, 1, 'チ'),
(2216, 42, 95, 2, 'chi'),
(2217, 42, 93, 0, 'つ'),
(2218, 42, 94, 1, 'ツ'),
(2219, 42, 95, 2, 'tsu'),
(2220, 42, 93, 0, 'て'),
(2221, 42, 94, 1, 'テ'),
(2222, 42, 95, 2, 'te'),
(2223, 42, 93, 0, 'と'),
(2224, 42, 94, 1, 'ト'),
(2225, 42, 95, 2, 'to'),
(2226, 42, 93, 0, 'な'),
(2227, 42, 94, 1, 'ナ'),
(2228, 42, 95, 2, 'na'),
(2229, 42, 93, 0, 'に'),
(2230, 42, 94, 1, 'ニ'),
(2231, 42, 95, 2, 'ni'),
(2232, 42, 93, 0, 'ぬ'),
(2233, 42, 94, 1, 'ヌ'),
(2234, 42, 95, 2, 'nu'),
(2235, 42, 93, 0, 'ね'),
(2236, 42, 94, 1, 'ネ'),
(2237, 42, 95, 2, 'ne'),
(2238, 42, 93, 0, 'の'),
(2239, 42, 94, 1, 'ノ'),
(2240, 42, 95, 2, 'no'),
(2241, 42, 93, 0, 'は'),
(2242, 42, 94, 1, 'ハ'),
(2243, 42, 95, 2, 'ha'),
(2244, 42, 93, 0, 'ひ'),
(2245, 42, 94, 1, 'ヒ'),
(2246, 42, 95, 2, 'hi'),
(2247, 42, 93, 0, 'ふ'),
(2248, 42, 94, 1, 'フ'),
(2249, 42, 95, 2, 'fu'),
(2250, 42, 93, 0, 'へ'),
(2251, 42, 94, 1, 'ヘ'),
(2252, 42, 95, 2, 'he'),
(2253, 42, 93, 0, 'ほ'),
(2254, 42, 94, 1, 'ホ'),
(2255, 42, 95, 2, 'ho'),
(2256, 42, 93, 0, 'ま'),
(2257, 42, 94, 1, 'マ'),
(2258, 42, 95, 2, 'ma'),
(2259, 42, 93, 0, 'み'),
(2260, 42, 94, 1, 'ミ'),
(2261, 42, 95, 2, 'mi'),
(2262, 42, 93, 0, 'む'),
(2263, 42, 94, 1, 'ム'),
(2264, 42, 95, 2, 'mu'),
(2265, 42, 93, 0, 'め'),
(2266, 42, 94, 1, 'メ'),
(2267, 42, 95, 2, 'me'),
(2268, 42, 93, 0, 'も'),
(2269, 42, 94, 1, 'モ'),
(2270, 42, 95, 2, 'mo'),
(2271, 42, 93, 0, 'ら'),
(2272, 42, 94, 1, 'ラ'),
(2273, 42, 95, 2, 'ra'),
(2274, 42, 93, 0, 'り'),
(2275, 42, 94, 1, 'リ'),
(2276, 42, 95, 2, 'ri'),
(2277, 42, 93, 0, 'る'),
(2278, 42, 94, 1, 'ル'),
(2279, 42, 95, 2, 'ru'),
(2280, 42, 93, 0, 'れ'),
(2281, 42, 94, 1, 'レ'),
(2282, 42, 95, 2, 're'),
(2283, 42, 93, 0, 'ろ'),
(2284, 42, 94, 1, 'ロ'),
(2285, 42, 95, 2, 'ro'),
(2286, 42, 93, 0, 'や'),
(2287, 42, 94, 1, 'ヤ'),
(2288, 42, 95, 2, 'ya'),
(2289, 42, 93, 0, 'ゆ'),
(2290, 42, 94, 1, 'ユ'),
(2291, 42, 95, 2, 'yu'),
(2292, 42, 93, 0, 'よ'),
(2293, 42, 94, 1, 'ヨ'),
(2294, 42, 95, 2, 'yo'),
(2295, 42, 93, 0, 'わ'),
(2296, 42, 94, 1, 'ワ'),
(2297, 42, 95, 2, 'wa'),
(2298, 42, 93, 0, 'を'),
(2299, 42, 94, 1, 'ヲ'),
(2300, 42, 95, 2, 'wo'),
(2301, 42, 93, 0, 'ん'),
(2302, 42, 94, 1, 'ン'),
(2303, 42, 95, 2, 'n'),
(2304, 43, 96, 0, 'あ'),
(2305, 43, 97, 1, 'ア'),
(2306, 43, 98, 2, 'a'),
(2307, 43, 96, 0, 'い'),
(2308, 43, 97, 1, 'イ'),
(2309, 43, 98, 2, 'i'),
(2310, 43, 96, 0, 'う'),
(2311, 43, 97, 1, 'ウ'),
(2312, 43, 98, 2, 'u'),
(2313, 43, 96, 0, 'え'),
(2314, 43, 97, 1, 'エ'),
(2315, 43, 98, 2, 'e'),
(2316, 43, 96, 0, 'お'),
(2317, 43, 97, 1, 'オ'),
(2318, 43, 98, 2, 'o'),
(2319, 43, 96, 0, 'か'),
(2320, 43, 97, 1, 'カ'),
(2321, 43, 98, 2, 'ka'),
(2322, 43, 96, 0, 'き'),
(2323, 43, 97, 1, 'キ'),
(2324, 43, 98, 2, 'ki'),
(2325, 43, 96, 0, 'く'),
(2326, 43, 97, 1, 'ク'),
(2327, 43, 98, 2, 'ku'),
(2328, 43, 96, 0, 'け'),
(2329, 43, 97, 1, 'ケ'),
(2330, 43, 98, 2, 'ke'),
(2331, 43, 96, 0, 'こ'),
(2332, 43, 97, 1, 'コ'),
(2333, 43, 98, 2, 'ko'),
(2334, 43, 96, 0, 'さ'),
(2335, 43, 97, 1, 'サ'),
(2336, 43, 98, 2, 'sa'),
(2337, 43, 96, 0, 'し'),
(2338, 43, 97, 1, 'シ'),
(2339, 43, 98, 2, 'shi'),
(2340, 43, 96, 0, 'す'),
(2341, 43, 97, 1, 'ス'),
(2342, 43, 98, 2, 'su'),
(2343, 43, 96, 0, 'せ'),
(2344, 43, 97, 1, 'セ'),
(2345, 43, 98, 2, 'se'),
(2346, 43, 96, 0, 'そ'),
(2347, 43, 97, 1, 'ソ'),
(2348, 43, 98, 2, 'so'),
(2349, 43, 96, 0, 'た'),
(2350, 43, 97, 1, 'タ'),
(2351, 43, 98, 2, 'ta'),
(2352, 43, 96, 0, 'ち'),
(2353, 43, 97, 1, 'チ'),
(2354, 43, 98, 2, 'chi'),
(2355, 43, 96, 0, 'つ'),
(2356, 43, 97, 1, 'ツ'),
(2357, 43, 98, 2, 'tsu'),
(2358, 43, 96, 0, 'て'),
(2359, 43, 97, 1, 'テ'),
(2360, 43, 98, 2, 'te'),
(2361, 43, 96, 0, 'と'),
(2362, 43, 97, 1, 'ト'),
(2363, 43, 98, 2, 'to'),
(2364, 43, 96, 0, 'な'),
(2365, 43, 97, 1, 'ナ'),
(2366, 43, 98, 2, 'na'),
(2367, 43, 96, 0, 'に'),
(2368, 43, 97, 1, 'ニ'),
(2369, 43, 98, 2, 'ni'),
(2370, 43, 96, 0, 'ぬ'),
(2371, 43, 97, 1, 'ヌ'),
(2372, 43, 98, 2, 'nu'),
(2373, 43, 96, 0, 'ね'),
(2374, 43, 97, 1, 'ネ'),
(2375, 43, 98, 2, 'ne'),
(2376, 43, 96, 0, 'の'),
(2377, 43, 97, 1, 'ノ'),
(2378, 43, 98, 2, 'no'),
(2379, 43, 96, 0, 'は'),
(2380, 43, 97, 1, 'ハ'),
(2381, 43, 98, 2, 'ha'),
(2382, 43, 96, 0, 'ひ'),
(2383, 43, 97, 1, 'ヒ'),
(2384, 43, 98, 2, 'hi'),
(2385, 43, 96, 0, 'ふ'),
(2386, 43, 97, 1, 'フ'),
(2387, 43, 98, 2, 'fu'),
(2388, 43, 96, 0, 'へ'),
(2389, 43, 97, 1, 'ヘ'),
(2390, 43, 98, 2, 'he'),
(2391, 43, 96, 0, 'ほ'),
(2392, 43, 97, 1, 'ホ'),
(2393, 43, 98, 2, 'ho'),
(2394, 43, 96, 0, 'ま'),
(2395, 43, 97, 1, 'マ'),
(2396, 43, 98, 2, 'ma'),
(2397, 43, 96, 0, 'み'),
(2398, 43, 97, 1, 'ミ'),
(2399, 43, 98, 2, 'mi'),
(2400, 43, 96, 0, 'む'),
(2401, 43, 97, 1, 'ム'),
(2402, 43, 98, 2, 'mu'),
(2403, 43, 96, 0, 'め'),
(2404, 43, 97, 1, 'メ'),
(2405, 43, 98, 2, 'me'),
(2406, 43, 96, 0, 'も'),
(2407, 43, 97, 1, 'モ'),
(2408, 43, 98, 2, 'mo'),
(2409, 43, 96, 0, 'ら'),
(2410, 43, 97, 1, 'ラ'),
(2411, 43, 98, 2, 'ra'),
(2412, 43, 96, 0, 'り'),
(2413, 43, 97, 1, 'リ'),
(2414, 43, 98, 2, 'ri'),
(2415, 43, 96, 0, 'る'),
(2416, 43, 97, 1, 'ル'),
(2417, 43, 98, 2, 'ru'),
(2418, 43, 96, 0, 'れ'),
(2419, 43, 97, 1, 'レ'),
(2420, 43, 98, 2, 're'),
(2421, 43, 96, 0, 'ろ'),
(2422, 43, 97, 1, 'ロ'),
(2423, 43, 98, 2, 'ro'),
(2424, 43, 96, 0, 'や'),
(2425, 43, 97, 1, 'ヤ'),
(2426, 43, 98, 2, 'ya'),
(2427, 43, 96, 0, 'ゆ'),
(2428, 43, 97, 1, 'ユ'),
(2429, 43, 98, 2, 'yu'),
(2430, 43, 96, 0, 'よ'),
(2431, 43, 97, 1, 'ヨ'),
(2432, 43, 98, 2, 'yo'),
(2433, 43, 96, 0, 'わ'),
(2434, 43, 97, 1, 'ワ'),
(2435, 43, 98, 2, 'wa'),
(2436, 43, 96, 0, 'を'),
(2437, 43, 97, 1, 'ヲ'),
(2438, 43, 98, 2, 'wo'),
(2439, 43, 96, 0, 'ん'),
(2440, 43, 97, 1, 'ン'),
(2441, 43, 98, 2, 'n'),
(2442, 44, 99, 0, 'あ'),
(2443, 44, 100, 1, 'ア'),
(2444, 44, 101, 2, 'a'),
(2445, 44, 99, 0, 'い'),
(2446, 44, 100, 1, 'イ'),
(2447, 44, 101, 2, 'i'),
(2448, 44, 99, 0, 'う'),
(2449, 44, 100, 1, 'ウ'),
(2450, 44, 101, 2, 'u'),
(2451, 44, 99, 0, 'え'),
(2452, 44, 100, 1, 'エ'),
(2453, 44, 101, 2, 'e'),
(2454, 44, 99, 0, 'お'),
(2455, 44, 100, 1, 'オ'),
(2456, 44, 101, 2, 'o'),
(2457, 44, 99, 0, 'か'),
(2458, 44, 100, 1, 'カ'),
(2459, 44, 101, 2, 'ka'),
(2460, 44, 99, 0, 'き'),
(2461, 44, 100, 1, 'キ'),
(2462, 44, 101, 2, 'ki'),
(2463, 44, 99, 0, 'く'),
(2464, 44, 100, 1, 'ク'),
(2465, 44, 101, 2, 'ku'),
(2466, 44, 99, 0, 'け'),
(2467, 44, 100, 1, 'ケ'),
(2468, 44, 101, 2, 'ke'),
(2469, 44, 99, 0, 'こ'),
(2470, 44, 100, 1, 'コ'),
(2471, 44, 101, 2, 'ko'),
(2472, 44, 99, 0, 'さ'),
(2473, 44, 100, 1, 'サ'),
(2474, 44, 101, 2, 'sa'),
(2475, 44, 99, 0, 'し'),
(2476, 44, 100, 1, 'シ'),
(2477, 44, 101, 2, 'shi'),
(2478, 44, 99, 0, 'す'),
(2479, 44, 100, 1, 'ス'),
(2480, 44, 101, 2, 'su'),
(2481, 44, 99, 0, 'せ'),
(2482, 44, 100, 1, 'セ'),
(2483, 44, 101, 2, 'se'),
(2484, 44, 99, 0, 'そ'),
(2485, 44, 100, 1, 'ソ'),
(2486, 44, 101, 2, 'so'),
(2487, 44, 99, 0, 'た'),
(2488, 44, 100, 1, 'タ'),
(2489, 44, 101, 2, 'ta'),
(2490, 44, 99, 0, 'ち'),
(2491, 44, 100, 1, 'チ'),
(2492, 44, 101, 2, 'chi'),
(2493, 44, 99, 0, 'つ'),
(2494, 44, 100, 1, 'ツ'),
(2495, 44, 101, 2, 'tsu'),
(2496, 44, 99, 0, 'て'),
(2497, 44, 100, 1, 'テ'),
(2498, 44, 101, 2, 'te'),
(2499, 44, 99, 0, 'と'),
(2500, 44, 100, 1, 'ト'),
(2501, 44, 101, 2, 'to'),
(2502, 44, 99, 0, 'な'),
(2503, 44, 100, 1, 'ナ'),
(2504, 44, 101, 2, 'na'),
(2505, 44, 99, 0, 'に'),
(2506, 44, 100, 1, 'ニ'),
(2507, 44, 101, 2, 'ni'),
(2508, 44, 99, 0, 'ぬ'),
(2509, 44, 100, 1, 'ヌ'),
(2510, 44, 101, 2, 'nu'),
(2511, 44, 99, 0, 'ね'),
(2512, 44, 100, 1, 'ネ'),
(2513, 44, 101, 2, 'ne'),
(2514, 44, 99, 0, 'の'),
(2515, 44, 100, 1, 'ノ'),
(2516, 44, 101, 2, 'no'),
(2517, 44, 99, 0, 'は'),
(2518, 44, 100, 1, 'ハ'),
(2519, 44, 101, 2, 'ha'),
(2520, 44, 99, 0, 'ひ'),
(2521, 44, 100, 1, 'ヒ'),
(2522, 44, 101, 2, 'hi'),
(2523, 44, 99, 0, 'ふ'),
(2524, 44, 100, 1, 'フ'),
(2525, 44, 101, 2, 'fu'),
(2526, 44, 99, 0, 'へ'),
(2527, 44, 100, 1, 'ヘ'),
(2528, 44, 101, 2, 'he'),
(2529, 44, 99, 0, 'ほ'),
(2530, 44, 100, 1, 'ホ'),
(2531, 44, 101, 2, 'ho'),
(2532, 44, 99, 0, 'ま'),
(2533, 44, 100, 1, 'マ'),
(2534, 44, 101, 2, 'ma'),
(2535, 44, 99, 0, 'み'),
(2536, 44, 100, 1, 'ミ'),
(2537, 44, 101, 2, 'mi'),
(2538, 44, 99, 0, 'む'),
(2539, 44, 100, 1, 'ム'),
(2540, 44, 101, 2, 'mu'),
(2541, 44, 99, 0, 'め'),
(2542, 44, 100, 1, 'メ'),
(2543, 44, 101, 2, 'me'),
(2544, 44, 99, 0, 'も'),
(2545, 44, 100, 1, 'モ'),
(2546, 44, 101, 2, 'mo'),
(2547, 44, 99, 0, 'ら'),
(2548, 44, 100, 1, 'ラ'),
(2549, 44, 101, 2, 'ra'),
(2550, 44, 99, 0, 'り'),
(2551, 44, 100, 1, 'リ'),
(2552, 44, 101, 2, 'ri'),
(2553, 44, 99, 0, 'る'),
(2554, 44, 100, 1, 'ル'),
(2555, 44, 101, 2, 'ru'),
(2556, 44, 99, 0, 'れ'),
(2557, 44, 100, 1, 'レ'),
(2558, 44, 101, 2, 're'),
(2559, 44, 99, 0, 'ろ'),
(2560, 44, 100, 1, 'ロ'),
(2561, 44, 101, 2, 'ro'),
(2562, 44, 99, 0, 'や'),
(2563, 44, 100, 1, 'ヤ'),
(2564, 44, 101, 2, 'ya'),
(2565, 44, 99, 0, 'ゆ'),
(2566, 44, 100, 1, 'ユ'),
(2567, 44, 101, 2, 'yu'),
(2568, 44, 99, 0, 'よ'),
(2569, 44, 100, 1, 'ヨ'),
(2570, 44, 101, 2, 'yo'),
(2571, 44, 99, 0, 'わ'),
(2572, 44, 100, 1, 'ワ'),
(2573, 44, 101, 2, 'wa'),
(2574, 44, 99, 0, 'を'),
(2575, 44, 100, 1, 'ヲ'),
(2576, 44, 101, 2, 'wo'),
(2577, 44, 99, 0, 'ん'),
(2578, 44, 100, 1, 'ン'),
(2579, 44, 101, 2, 'n'),
(2580, 45, 102, 0, 'あ'),
(2581, 45, 103, 1, 'ア'),
(2582, 45, 104, 2, 'a'),
(2583, 45, 102, 0, 'い'),
(2584, 45, 103, 1, 'イ'),
(2585, 45, 104, 2, 'i'),
(2586, 45, 102, 0, 'う'),
(2587, 45, 103, 1, 'ウ'),
(2588, 45, 104, 2, 'u'),
(2589, 45, 102, 0, 'え'),
(2590, 45, 103, 1, 'エ'),
(2591, 45, 104, 2, 'e'),
(2592, 45, 102, 0, 'お'),
(2593, 45, 103, 1, 'オ'),
(2594, 45, 104, 2, 'o'),
(2595, 45, 102, 0, 'か'),
(2596, 45, 103, 1, 'カ'),
(2597, 45, 104, 2, 'ka'),
(2598, 45, 102, 0, 'き'),
(2599, 45, 103, 1, 'キ'),
(2600, 45, 104, 2, 'ki'),
(2601, 45, 102, 0, 'く'),
(2602, 45, 103, 1, 'ク'),
(2603, 45, 104, 2, 'ku'),
(2604, 45, 102, 0, 'け'),
(2605, 45, 103, 1, 'ケ'),
(2606, 45, 104, 2, 'ke'),
(2607, 45, 102, 0, 'こ'),
(2608, 45, 103, 1, 'コ'),
(2609, 45, 104, 2, 'ko'),
(2610, 45, 102, 0, 'さ'),
(2611, 45, 103, 1, 'サ'),
(2612, 45, 104, 2, 'sa'),
(2613, 45, 102, 0, 'し'),
(2614, 45, 103, 1, 'シ'),
(2615, 45, 104, 2, 'shi'),
(2616, 45, 102, 0, 'す'),
(2617, 45, 103, 1, 'ス'),
(2618, 45, 104, 2, 'su'),
(2619, 45, 102, 0, 'せ'),
(2620, 45, 103, 1, 'セ'),
(2621, 45, 104, 2, 'se'),
(2622, 45, 102, 0, 'そ'),
(2623, 45, 103, 1, 'ソ'),
(2624, 45, 104, 2, 'so'),
(2625, 45, 102, 0, 'た'),
(2626, 45, 103, 1, 'タ'),
(2627, 45, 104, 2, 'ta'),
(2628, 45, 102, 0, 'ち'),
(2629, 45, 103, 1, 'チ'),
(2630, 45, 104, 2, 'chi'),
(2631, 45, 102, 0, 'つ'),
(2632, 45, 103, 1, 'ツ'),
(2633, 45, 104, 2, 'tsu'),
(2634, 45, 102, 0, 'て'),
(2635, 45, 103, 1, 'テ'),
(2636, 45, 104, 2, 'te'),
(2637, 45, 102, 0, 'と'),
(2638, 45, 103, 1, 'ト'),
(2639, 45, 104, 2, 'to'),
(2640, 45, 102, 0, 'な'),
(2641, 45, 103, 1, 'ナ'),
(2642, 45, 104, 2, 'na'),
(2643, 45, 102, 0, 'に'),
(2644, 45, 103, 1, 'ニ'),
(2645, 45, 104, 2, 'ni'),
(2646, 45, 102, 0, 'ぬ'),
(2647, 45, 103, 1, 'ヌ'),
(2648, 45, 104, 2, 'nu'),
(2649, 45, 102, 0, 'ね'),
(2650, 45, 103, 1, 'ネ'),
(2651, 45, 104, 2, 'ne'),
(2652, 45, 102, 0, 'の'),
(2653, 45, 103, 1, 'ノ'),
(2654, 45, 104, 2, 'no'),
(2655, 45, 102, 0, 'は'),
(2656, 45, 103, 1, 'ハ'),
(2657, 45, 104, 2, 'ha'),
(2658, 45, 102, 0, 'ひ'),
(2659, 45, 103, 1, 'ヒ'),
(2660, 45, 104, 2, 'hi'),
(2661, 45, 102, 0, 'ふ'),
(2662, 45, 103, 1, 'フ'),
(2663, 45, 104, 2, 'fu'),
(2664, 45, 102, 0, 'へ'),
(2665, 45, 103, 1, 'ヘ'),
(2666, 45, 104, 2, 'he'),
(2667, 45, 102, 0, 'ほ'),
(2668, 45, 103, 1, 'ホ'),
(2669, 45, 104, 2, 'ho'),
(2670, 45, 102, 0, 'ま'),
(2671, 45, 103, 1, 'マ'),
(2672, 45, 104, 2, 'ma'),
(2673, 45, 102, 0, 'み'),
(2674, 45, 103, 1, 'ミ'),
(2675, 45, 104, 2, 'mi'),
(2676, 45, 102, 0, 'む'),
(2677, 45, 103, 1, 'ム'),
(2678, 45, 104, 2, 'mu'),
(2679, 45, 102, 0, 'め'),
(2680, 45, 103, 1, 'メ'),
(2681, 45, 104, 2, 'me'),
(2682, 45, 102, 0, 'も'),
(2683, 45, 103, 1, 'モ'),
(2684, 45, 104, 2, 'mo'),
(2685, 45, 102, 0, 'ら'),
(2686, 45, 103, 1, 'ラ'),
(2687, 45, 104, 2, 'ra'),
(2688, 45, 102, 0, 'り'),
(2689, 45, 103, 1, 'リ'),
(2690, 45, 104, 2, 'ri'),
(2691, 45, 102, 0, 'る'),
(2692, 45, 103, 1, 'ル'),
(2693, 45, 104, 2, 'ru'),
(2694, 45, 102, 0, 'れ'),
(2695, 45, 103, 1, 'レ'),
(2696, 45, 104, 2, 're'),
(2697, 45, 102, 0, 'ろ'),
(2698, 45, 103, 1, 'ロ'),
(2699, 45, 104, 2, 'ro'),
(2700, 45, 102, 0, 'や'),
(2701, 45, 103, 1, 'ヤ'),
(2702, 45, 104, 2, 'ya'),
(2703, 45, 102, 0, 'ゆ'),
(2704, 45, 103, 1, 'ユ'),
(2705, 45, 104, 2, 'yu'),
(2706, 45, 102, 0, 'よ'),
(2707, 45, 103, 1, 'ヨ'),
(2708, 45, 104, 2, 'yo'),
(2709, 45, 102, 0, 'わ'),
(2710, 45, 103, 1, 'ワ'),
(2711, 45, 104, 2, 'wa'),
(2712, 45, 102, 0, 'を'),
(2713, 45, 103, 1, 'ヲ'),
(2714, 45, 104, 2, 'wo'),
(2715, 45, 102, 0, 'ん'),
(2716, 45, 103, 1, 'ン'),
(2717, 45, 104, 2, 'n'),
(2718, 46, 105, 0, 'あ'),
(2719, 46, 106, 1, 'ア'),
(2720, 46, 107, 2, 'a'),
(2721, 46, 105, 0, 'い'),
(2722, 46, 106, 1, 'イ'),
(2723, 46, 107, 2, 'i'),
(2724, 46, 105, 0, 'う'),
(2725, 46, 106, 1, 'ウ'),
(2726, 46, 107, 2, 'u'),
(2727, 46, 105, 0, 'え'),
(2728, 46, 106, 1, 'エ'),
(2729, 46, 107, 2, 'e'),
(2730, 46, 105, 0, 'お'),
(2731, 46, 106, 1, 'オ'),
(2732, 46, 107, 2, 'o'),
(2733, 46, 105, 0, 'か'),
(2734, 46, 106, 1, 'カ'),
(2735, 46, 107, 2, 'ka'),
(2736, 46, 105, 0, 'き'),
(2737, 46, 106, 1, 'キ'),
(2738, 46, 107, 2, 'ki'),
(2739, 46, 105, 0, 'く'),
(2740, 46, 106, 1, 'ク'),
(2741, 46, 107, 2, 'ku'),
(2742, 46, 105, 0, 'け'),
(2743, 46, 106, 1, 'ケ'),
(2744, 46, 107, 2, 'ke'),
(2745, 46, 105, 0, 'こ'),
(2746, 46, 106, 1, 'コ'),
(2747, 46, 107, 2, 'ko'),
(2748, 46, 105, 0, 'さ'),
(2749, 46, 106, 1, 'サ'),
(2750, 46, 107, 2, 'sa'),
(2751, 46, 105, 0, 'し'),
(2752, 46, 106, 1, 'シ'),
(2753, 46, 107, 2, 'shi'),
(2754, 46, 105, 0, 'す'),
(2755, 46, 106, 1, 'ス'),
(2756, 46, 107, 2, 'su'),
(2757, 46, 105, 0, 'せ'),
(2758, 46, 106, 1, 'セ'),
(2759, 46, 107, 2, 'se'),
(2760, 46, 105, 0, 'そ'),
(2761, 46, 106, 1, 'ソ'),
(2762, 46, 107, 2, 'so'),
(2763, 46, 105, 0, 'た'),
(2764, 46, 106, 1, 'タ'),
(2765, 46, 107, 2, 'ta'),
(2766, 46, 105, 0, 'ち'),
(2767, 46, 106, 1, 'チ'),
(2768, 46, 107, 2, 'chi'),
(2769, 46, 105, 0, 'つ'),
(2770, 46, 106, 1, 'ツ'),
(2771, 46, 107, 2, 'tsu'),
(2772, 46, 105, 0, 'て'),
(2773, 46, 106, 1, 'テ'),
(2774, 46, 107, 2, 'te'),
(2775, 46, 105, 0, 'と'),
(2776, 46, 106, 1, 'ト'),
(2777, 46, 107, 2, 'to'),
(2778, 46, 105, 0, 'な'),
(2779, 46, 106, 1, 'ナ'),
(2780, 46, 107, 2, 'na'),
(2781, 46, 105, 0, 'に'),
(2782, 46, 106, 1, 'ニ'),
(2783, 46, 107, 2, 'ni'),
(2784, 46, 105, 0, 'ぬ'),
(2785, 46, 106, 1, 'ヌ'),
(2786, 46, 107, 2, 'nu'),
(2787, 46, 105, 0, 'ね'),
(2788, 46, 106, 1, 'ネ'),
(2789, 46, 107, 2, 'ne'),
(2790, 46, 105, 0, 'の'),
(2791, 46, 106, 1, 'ノ'),
(2792, 46, 107, 2, 'no'),
(2793, 46, 105, 0, 'は'),
(2794, 46, 106, 1, 'ハ'),
(2795, 46, 107, 2, 'ha'),
(2796, 46, 105, 0, 'ひ'),
(2797, 46, 106, 1, 'ヒ'),
(2798, 46, 107, 2, 'hi'),
(2799, 46, 105, 0, 'ふ'),
(2800, 46, 106, 1, 'フ'),
(2801, 46, 107, 2, 'fu'),
(2802, 46, 105, 0, 'へ'),
(2803, 46, 106, 1, 'ヘ'),
(2804, 46, 107, 2, 'he'),
(2805, 46, 105, 0, 'ほ'),
(2806, 46, 106, 1, 'ホ'),
(2807, 46, 107, 2, 'ho'),
(2808, 46, 105, 0, 'ま'),
(2809, 46, 106, 1, 'マ'),
(2810, 46, 107, 2, 'ma'),
(2811, 46, 105, 0, 'み'),
(2812, 46, 106, 1, 'ミ'),
(2813, 46, 107, 2, 'mi'),
(2814, 46, 105, 0, 'む'),
(2815, 46, 106, 1, 'ム'),
(2816, 46, 107, 2, 'mu'),
(2817, 46, 105, 0, 'め'),
(2818, 46, 106, 1, 'メ'),
(2819, 46, 107, 2, 'me'),
(2820, 46, 105, 0, 'も'),
(2821, 46, 106, 1, 'モ'),
(2822, 46, 107, 2, 'mo'),
(2823, 46, 105, 0, 'ら'),
(2824, 46, 106, 1, 'ラ'),
(2825, 46, 107, 2, 'ra'),
(2826, 46, 105, 0, 'り'),
(2827, 46, 106, 1, 'リ'),
(2828, 46, 107, 2, 'ri'),
(2829, 46, 105, 0, 'る'),
(2830, 46, 106, 1, 'ル'),
(2831, 46, 107, 2, 'ru'),
(2832, 46, 105, 0, 'れ'),
(2833, 46, 106, 1, 'レ'),
(2834, 46, 107, 2, 're'),
(2835, 46, 105, 0, 'ろ'),
(2836, 46, 106, 1, 'ロ'),
(2837, 46, 107, 2, 'ro'),
(2838, 46, 105, 0, 'や'),
(2839, 46, 106, 1, 'ヤ'),
(2840, 46, 107, 2, 'ya'),
(2841, 46, 105, 0, 'ゆ'),
(2842, 46, 106, 1, 'ユ'),
(2843, 46, 107, 2, 'yu'),
(2844, 46, 105, 0, 'よ'),
(2845, 46, 106, 1, 'ヨ'),
(2846, 46, 107, 2, 'yo'),
(2847, 46, 105, 0, 'わ'),
(2848, 46, 106, 1, 'ワ'),
(2849, 46, 107, 2, 'wa'),
(2850, 46, 105, 0, 'を'),
(2851, 46, 106, 1, 'ヲ'),
(2852, 46, 107, 2, 'wo'),
(2853, 46, 105, 0, 'ん'),
(2854, 46, 106, 1, 'ン'),
(2855, 46, 107, 2, 'n'),
(2856, 47, 108, 0, 'あ'),
(2857, 47, 109, 1, 'ア'),
(2858, 47, 110, 2, 'a'),
(2859, 47, 108, 0, 'い'),
(2860, 47, 109, 1, 'イ'),
(2861, 47, 110, 2, 'i'),
(2862, 47, 108, 0, 'う'),
(2863, 47, 109, 1, 'ウ'),
(2864, 47, 110, 2, 'u'),
(2865, 47, 108, 0, 'え'),
(2866, 47, 109, 1, 'エ'),
(2867, 47, 110, 2, 'e'),
(2868, 47, 108, 0, 'お'),
(2869, 47, 109, 1, 'オ'),
(2870, 47, 110, 2, 'o'),
(2871, 47, 108, 0, 'か'),
(2872, 47, 109, 1, 'カ'),
(2873, 47, 110, 2, 'ka'),
(2874, 47, 108, 0, 'き'),
(2875, 47, 109, 1, 'キ'),
(2876, 47, 110, 2, 'ki'),
(2877, 47, 108, 0, 'く'),
(2878, 47, 109, 1, 'ク'),
(2879, 47, 110, 2, 'ku'),
(2880, 47, 108, 0, 'け'),
(2881, 47, 109, 1, 'ケ'),
(2882, 47, 110, 2, 'ke'),
(2883, 47, 108, 0, 'こ'),
(2884, 47, 109, 1, 'コ'),
(2885, 47, 110, 2, 'ko'),
(2886, 47, 108, 0, 'さ'),
(2887, 47, 109, 1, 'サ'),
(2888, 47, 110, 2, 'sa'),
(2889, 47, 108, 0, 'し'),
(2890, 47, 109, 1, 'シ'),
(2891, 47, 110, 2, 'shi'),
(2892, 47, 108, 0, 'す'),
(2893, 47, 109, 1, 'ス'),
(2894, 47, 110, 2, 'su'),
(2895, 47, 108, 0, 'せ'),
(2896, 47, 109, 1, 'セ'),
(2897, 47, 110, 2, 'se'),
(2898, 47, 108, 0, 'そ'),
(2899, 47, 109, 1, 'ソ'),
(2900, 47, 110, 2, 'so'),
(2901, 47, 108, 0, 'た'),
(2902, 47, 109, 1, 'タ'),
(2903, 47, 110, 2, 'ta'),
(2904, 47, 108, 0, 'ち'),
(2905, 47, 109, 1, 'チ'),
(2906, 47, 110, 2, 'chi'),
(2907, 47, 108, 0, 'つ'),
(2908, 47, 109, 1, 'ツ'),
(2909, 47, 110, 2, 'tsu'),
(2910, 47, 108, 0, 'て'),
(2911, 47, 109, 1, 'テ'),
(2912, 47, 110, 2, 'te'),
(2913, 47, 108, 0, 'と'),
(2914, 47, 109, 1, 'ト'),
(2915, 47, 110, 2, 'to'),
(2916, 47, 108, 0, 'な'),
(2917, 47, 109, 1, 'ナ'),
(2918, 47, 110, 2, 'na'),
(2919, 47, 108, 0, 'に'),
(2920, 47, 109, 1, 'ニ'),
(2921, 47, 110, 2, 'ni'),
(2922, 47, 108, 0, 'ぬ'),
(2923, 47, 109, 1, 'ヌ'),
(2924, 47, 110, 2, 'nu'),
(2925, 47, 108, 0, 'ね'),
(2926, 47, 109, 1, 'ネ'),
(2927, 47, 110, 2, 'ne'),
(2928, 47, 108, 0, 'の'),
(2929, 47, 109, 1, 'ノ'),
(2930, 47, 110, 2, 'no'),
(2931, 47, 108, 0, 'は'),
(2932, 47, 109, 1, 'ハ'),
(2933, 47, 110, 2, 'ha'),
(2934, 47, 108, 0, 'ひ'),
(2935, 47, 109, 1, 'ヒ'),
(2936, 47, 110, 2, 'hi'),
(2937, 47, 108, 0, 'ふ'),
(2938, 47, 109, 1, 'フ'),
(2939, 47, 110, 2, 'fu'),
(2940, 47, 108, 0, 'へ'),
(2941, 47, 109, 1, 'ヘ'),
(2942, 47, 110, 2, 'he'),
(2943, 47, 108, 0, 'ほ'),
(2944, 47, 109, 1, 'ホ'),
(2945, 47, 110, 2, 'ho'),
(2946, 47, 108, 0, 'ま'),
(2947, 47, 109, 1, 'マ'),
(2948, 47, 110, 2, 'ma'),
(2949, 47, 108, 0, 'み'),
(2950, 47, 109, 1, 'ミ'),
(2951, 47, 110, 2, 'mi'),
(2952, 47, 108, 0, 'む'),
(2953, 47, 109, 1, 'ム'),
(2954, 47, 110, 2, 'mu'),
(2955, 47, 108, 0, 'め'),
(2956, 47, 109, 1, 'メ'),
(2957, 47, 110, 2, 'me'),
(2958, 47, 108, 0, 'も'),
(2959, 47, 109, 1, 'モ'),
(2960, 47, 110, 2, 'mo'),
(2961, 47, 108, 0, 'ら'),
(2962, 47, 109, 1, 'ラ'),
(2963, 47, 110, 2, 'ra'),
(2964, 47, 108, 0, 'り'),
(2965, 47, 109, 1, 'リ'),
(2966, 47, 110, 2, 'ri'),
(2967, 47, 108, 0, 'る'),
(2968, 47, 109, 1, 'ル'),
(2969, 47, 110, 2, 'ru'),
(2970, 47, 108, 0, 'れ'),
(2971, 47, 109, 1, 'レ'),
(2972, 47, 110, 2, 're'),
(2973, 47, 108, 0, 'ろ'),
(2974, 47, 109, 1, 'ロ'),
(2975, 47, 110, 2, 'ro'),
(2976, 47, 108, 0, 'や'),
(2977, 47, 109, 1, 'ヤ'),
(2978, 47, 110, 2, 'ya'),
(2979, 47, 108, 0, 'ゆ'),
(2980, 47, 109, 1, 'ユ'),
(2981, 47, 110, 2, 'yu'),
(2982, 47, 108, 0, 'よ'),
(2983, 47, 109, 1, 'ヨ'),
(2984, 47, 110, 2, 'yo'),
(2985, 47, 108, 0, 'わ'),
(2986, 47, 109, 1, 'ワ'),
(2987, 47, 110, 2, 'wa'),
(2988, 47, 108, 0, 'を'),
(2989, 47, 109, 1, 'ヲ'),
(2990, 47, 110, 2, 'wo'),
(2991, 47, 108, 0, 'ん'),
(2992, 47, 109, 1, 'ン'),
(2993, 47, 110, 2, 'n'),
(2994, 48, 111, 0, 'あ'),
(2995, 48, 112, 1, 'ア'),
(2996, 48, 113, 2, 'a'),
(2997, 48, 111, 0, 'い'),
(2998, 48, 112, 1, 'イ'),
(2999, 48, 113, 2, 'i'),
(3000, 48, 111, 0, 'う'),
(3001, 48, 112, 1, 'ウ'),
(3002, 48, 113, 2, 'u'),
(3003, 48, 111, 0, 'え'),
(3004, 48, 112, 1, 'エ'),
(3005, 48, 113, 2, 'e'),
(3006, 48, 111, 0, 'お'),
(3007, 48, 112, 1, 'オ'),
(3008, 48, 113, 2, 'o'),
(3009, 48, 111, 0, 'か'),
(3010, 48, 112, 1, 'カ'),
(3011, 48, 113, 2, 'ka'),
(3012, 48, 111, 0, 'き'),
(3013, 48, 112, 1, 'キ'),
(3014, 48, 113, 2, 'ki'),
(3015, 48, 111, 0, 'く'),
(3016, 48, 112, 1, 'ク'),
(3017, 48, 113, 2, 'ku'),
(3018, 48, 111, 0, 'け'),
(3019, 48, 112, 1, 'ケ'),
(3020, 48, 113, 2, 'ke'),
(3021, 48, 111, 0, 'こ'),
(3022, 48, 112, 1, 'コ'),
(3023, 48, 113, 2, 'ko'),
(3024, 48, 111, 0, 'さ'),
(3025, 48, 112, 1, 'サ'),
(3026, 48, 113, 2, 'sa'),
(3027, 48, 111, 0, 'し'),
(3028, 48, 112, 1, 'シ'),
(3029, 48, 113, 2, 'shi'),
(3030, 48, 111, 0, 'す'),
(3031, 48, 112, 1, 'ス'),
(3032, 48, 113, 2, 'su'),
(3033, 48, 111, 0, 'せ'),
(3034, 48, 112, 1, 'セ'),
(3035, 48, 113, 2, 'se'),
(3036, 48, 111, 0, 'そ'),
(3037, 48, 112, 1, 'ソ'),
(3038, 48, 113, 2, 'so'),
(3039, 48, 111, 0, 'た'),
(3040, 48, 112, 1, 'タ'),
(3041, 48, 113, 2, 'ta'),
(3042, 48, 111, 0, 'ち'),
(3043, 48, 112, 1, 'チ'),
(3044, 48, 113, 2, 'chi'),
(3045, 48, 111, 0, 'つ'),
(3046, 48, 112, 1, 'ツ'),
(3047, 48, 113, 2, 'tsu'),
(3048, 48, 111, 0, 'て'),
(3049, 48, 112, 1, 'テ'),
(3050, 48, 113, 2, 'te'),
(3051, 48, 111, 0, 'と'),
(3052, 48, 112, 1, 'ト'),
(3053, 48, 113, 2, 'to'),
(3054, 48, 111, 0, 'な'),
(3055, 48, 112, 1, 'ナ'),
(3056, 48, 113, 2, 'na'),
(3057, 48, 111, 0, 'に'),
(3058, 48, 112, 1, 'ニ'),
(3059, 48, 113, 2, 'ni'),
(3060, 48, 111, 0, 'ぬ'),
(3061, 48, 112, 1, 'ヌ'),
(3062, 48, 113, 2, 'nu'),
(3063, 48, 111, 0, 'ね'),
(3064, 48, 112, 1, 'ネ'),
(3065, 48, 113, 2, 'ne'),
(3066, 48, 111, 0, 'の'),
(3067, 48, 112, 1, 'ノ'),
(3068, 48, 113, 2, 'no'),
(3069, 48, 111, 0, 'は'),
(3070, 48, 112, 1, 'ハ'),
(3071, 48, 113, 2, 'ha'),
(3072, 48, 111, 0, 'ひ'),
(3073, 48, 112, 1, 'ヒ'),
(3074, 48, 113, 2, 'hi'),
(3075, 48, 111, 0, 'ふ'),
(3076, 48, 112, 1, 'フ'),
(3077, 48, 113, 2, 'fu'),
(3078, 48, 111, 0, 'へ'),
(3079, 48, 112, 1, 'ヘ'),
(3080, 48, 113, 2, 'he'),
(3081, 48, 111, 0, 'ほ'),
(3082, 48, 112, 1, 'ホ'),
(3083, 48, 113, 2, 'ho'),
(3084, 48, 111, 0, 'ま'),
(3085, 48, 112, 1, 'マ'),
(3086, 48, 113, 2, 'ma'),
(3087, 48, 111, 0, 'み'),
(3088, 48, 112, 1, 'ミ'),
(3089, 48, 113, 2, 'mi'),
(3090, 48, 111, 0, 'む'),
(3091, 48, 112, 1, 'ム'),
(3092, 48, 113, 2, 'mu'),
(3093, 48, 111, 0, 'め'),
(3094, 48, 112, 1, 'メ'),
(3095, 48, 113, 2, 'me'),
(3096, 48, 111, 0, 'も'),
(3097, 48, 112, 1, 'モ'),
(3098, 48, 113, 2, 'mo'),
(3099, 48, 111, 0, 'ら'),
(3100, 48, 112, 1, 'ラ'),
(3101, 48, 113, 2, 'ra'),
(3102, 48, 111, 0, 'り'),
(3103, 48, 112, 1, 'リ'),
(3104, 48, 113, 2, 'ri'),
(3105, 48, 111, 0, 'る'),
(3106, 48, 112, 1, 'ル'),
(3107, 48, 113, 2, 'ru'),
(3108, 48, 111, 0, 'れ'),
(3109, 48, 112, 1, 'レ'),
(3110, 48, 113, 2, 're'),
(3111, 48, 111, 0, 'ろ'),
(3112, 48, 112, 1, 'ロ'),
(3113, 48, 113, 2, 'ro'),
(3114, 48, 111, 0, 'や'),
(3115, 48, 112, 1, 'ヤ'),
(3116, 48, 113, 2, 'ya'),
(3117, 48, 111, 0, 'ゆ'),
(3118, 48, 112, 1, 'ユ'),
(3119, 48, 113, 2, 'yu'),
(3120, 48, 111, 0, 'よ'),
(3121, 48, 112, 1, 'ヨ'),
(3122, 48, 113, 2, 'yo'),
(3123, 48, 111, 0, 'わ'),
(3124, 48, 112, 1, 'ワ'),
(3125, 48, 113, 2, 'wa'),
(3126, 48, 111, 0, 'を'),
(3127, 48, 112, 1, 'ヲ'),
(3128, 48, 113, 2, 'wo'),
(3129, 48, 111, 0, 'ん'),
(3130, 48, 112, 1, 'ン'),
(3131, 48, 113, 2, 'n');

--
-- Indexes for dumped tables
--

--
-- Indexes for table `account`
--
ALTER TABLE `account`
 ADD PRIMARY KEY (`id`), ADD UNIQUE KEY `id` (`id`);

--
-- Indexes for table `pattern`
--
ALTER TABLE `pattern`
 ADD PRIMARY KEY (`id`), ADD UNIQUE KEY `id` (`id`);

--
-- Indexes for table `pattern_column`
--
ALTER TABLE `pattern_column`
 ADD PRIMARY KEY (`id`), ADD UNIQUE KEY `id` (`id`);

--
-- Indexes for table `pattern_detail`
--
ALTER TABLE `pattern_detail`
 ADD PRIMARY KEY (`id`), ADD UNIQUE KEY `id` (`id`);

--
-- AUTO_INCREMENT for dumped tables
--

--
-- AUTO_INCREMENT for table `account`
--
ALTER TABLE `account`
MODIFY `id` bigint(20) unsigned NOT NULL AUTO_INCREMENT,AUTO_INCREMENT=9;
--
-- AUTO_INCREMENT for table `pattern`
--
ALTER TABLE `pattern`
MODIFY `id` bigint(20) unsigned NOT NULL AUTO_INCREMENT,AUTO_INCREMENT=49;
--
-- AUTO_INCREMENT for table `pattern_column`
--
ALTER TABLE `pattern_column`
MODIFY `id` bigint(20) unsigned NOT NULL AUTO_INCREMENT,AUTO_INCREMENT=114;
--
-- AUTO_INCREMENT for table `pattern_detail`
--
ALTER TABLE `pattern_detail`
MODIFY `id` bigint(20) unsigned NOT NULL AUTO_INCREMENT,AUTO_INCREMENT=3132;